trial_id,subject_id,material_key,label,original_label,p0,p1,p2
SEEDIV:S02:R1:T01,SEEDIV:S02,1:T01,1,1,5.6855406e-05,0.04594995,0.9539932
SEEDIV:S02:R1:T03,SEEDIV:S02,1:T03,2,3,1.5870455e-07,0.00016589207,0.99983394
SEEDIV:S02:R1:T06,SEEDIV:S02,1:T06,0,0,0.99595535,0.004043812,8.4670916e-07
SEEDIV:S02:R1:T07,SEEDIV:S02,1:T07,0,0,0.995747,0.004252061,9.035684e-07
SEEDIV:S02:R1:T08,SEEDIV:S02,1:T08,1,1,0.0016698886,0.9762927,0.02203735
SEEDIV:S02:R1:T09,SEEDIV:S02,1:T09,0,0,0.9953434,0.004655554,1.051692e-06
SEEDIV:S02:R1:T10,SEEDIV:S02,1:T10,1,1,0.0005027214,0.38522694,0.6142703
SEEDIV:S02:R1:T11,SEEDIV:S02,1:T11,1,2,0.0007368305,0.560769,0.43849415
SEEDIV:S02:R1:T16,SEEDIV:S02,1:T16,2,3,8.32144e-08,8.9391855e-05,0.9999105
SEEDIV:S02:R1:T17,SEEDIV:S02,1:T17,1,2,0.0028050344,0.9941307,0.0030642634
SEEDIV:S02:R1:T18,SEEDIV:S02,1:T18,1,2,0.0030052739,0.99431026,0.0026844328
SEEDIV:S02:R1:T19,SEEDIV:S02,1:T19,2,3,8.018744e-08,8.505027e-05,0.99991477
SEEDIV:S03:R1:T01,SEEDIV:S03,1:T01,1,1,0.12730435,0.8718,0.0008956605
SEEDIV:S03:R1:T03,SEEDIV:S03,1:T03,2,3,8.948047e-08,9.4504234e-05,0.99990535
SEEDIV:S03:R1:T06,SEEDIV:S03,1:T06,0,0,0.9958132,0.0041858,8.9371e-07
SEEDIV:S03:R1:T07,SEEDIV:S03,1:T07,0,0,0.99639505,0.0036042994,7.1927894e-07
SEEDIV:S03:R1:T08,SEEDIV:S03,1:T08,1,1,0.9928306,0.007167401,2.0312484e-06
SEEDIV:S03:R1:T09,SEEDIV:S03,1:T09,0,0,0.9965867,0.003412572,6.6274816e-07
SEEDIV:S03:R1:T10,SEEDIV:S03,1:T10,1,1,0.124874584,0.87423915,0.00088626565
SEEDIV:S03:R1:T11,SEEDIV:S03,1:T11,1,2,0.99343646,0.006561844,1.771718e-06
SEEDIV:S03:R1:T16,SEEDIV:S03,1:T16,2,3,5.9921994e-08,6.4617336e-05,0.99993527
SEEDIV:S03:R1:T17,SEEDIV:S03,1:T17,1,2,0.60848165,0.39121732,0.00030109455
SEEDIV:S03:R1:T18,SEEDIV:S03,1:T18,1,2,0.9591148,0.040865485,1.9697301e-05
SEEDIV:S03:R1:T19,SEEDIV:S03,1:T19,2,3,1.4770764e-07,0.00015223741,0.99984765
SEEDIV:S05:R1:T01,SEEDIV:S05,1:T01,1,1,0.004669197,0.9933913,0.0019395725
SEEDIV:S05:R1:T03,SEEDIV:S05,1:T03,2,3,1.3986215e-07,0.00014334524,0.9998565
SEEDIV:S05:R1:T06,SEEDIV:S05,1:T06,0,0,0.9961287,0.0038704684,7.8826633e-07
SEEDIV:S05:R1:T07,SEEDIV:S05,1:T07,0,0,0.9961521,0.0038470642,7.8653966e-07
SEEDIV:S05:R1:T08,SEEDIV:S05,1:T08,1,1,0.05576606,0.94320893,0.0010249407
SEEDIV:S05:R1:T09,SEEDIV:S05,1:T09,0,0,0.996402,0.0035972556,7.084608e-07
SEEDIV:S05:R1:T10,SEEDIV:S05,1:T10,1,1,0.0037228432,0.9938828,0.0023944555
SEEDIV:S05:R1:T11,SEEDIV:S05,1:T11,1,2,0.004829959,0.9933389,0.0018311212
SEEDIV:S05:R1:T16,SEEDIV:S05,1:T16,2,3,4.2685826e-08,4.6268593e-05,0.99995375
SEEDIV:S05:R1:T17,SEEDIV:S05,1:T17,1,2,0.003939803,0.99395436,0.0021058375
SEEDIV:S05:R1:T18,SEEDIV:S05,1:T18,1,2,0.0006092992,0.42183712,0.57755363
SEEDIV:S05:R1:T19,SEEDIV:S05,1:T19,2,3,4.3338645e-08,4.7103476e-05,0.9999529
SEEDIV:S06:R1:T01,SEEDIV:S06,1:T01,1,1,0.3111783,0.6882396,0.00058209937
SEEDIV:S06:R1:T03,SEEDIV:S06,1:T03,2,3,5.4682534e-08,5.895377e-05,0.999941
SEEDIV:S06:R1:T06,SEEDIV:S06,1:T06,0,0,0.99546814,0.004530896,9.825623e-07
SEEDIV:S06:R1:T07,SEEDIV:S06,1:T07,0,0,0.9954952,0.0045038946,1.005202e-06
SEEDIV:S06:R1:T08,SEEDIV:S06,1:T08,1,1,0.006830409,0.99166393,0.0015056761
SEEDIV:S06:R1:T09,SEEDIV:S06,1:T09,0,0,0.99612194,0.0038772568,7.92003e-07
SEEDIV:S06:R1:T10,SEEDIV:S06,1:T10,1,1,0.0035465988,0.9942496,0.0022038685
SEEDIV:S06:R1:T11,SEEDIV:S06,1:T11,1,2,0.007383336,0.9910793,0.0015373509
SEEDIV:S06:R1:T16,SEEDIV:S06,1:T16,2,3,1.06165764e-07,0.00011272865,0.9998871
SEEDIV:S06:R1:T17,SEEDIV:S06,1:T17,1,2,0.097960085,0.9010714,0.0009685397
SEEDIV:S06:R1:T18,SEEDIV:S06,1:T18,1,2,0.0020642707,0.9899593,0.0079764165
SEEDIV:S06:R1:T19,SEEDIV:S06,1:T19,2,3,6.022034e-08,6.4860265e-05,0.99993503
SEEDIV:S08:R1:T01,SEEDIV:S08,1:T01,1,1,0.10047748,0.8986367,0.00088583457
SEEDIV:S08:R1:T03,SEEDIV:S08,1:T03,2,3,5.60794e-08,5.9454833e-05,0.9999405
SEEDIV:S08:R1:T06,SEEDIV:S08,1:T06,0,0,0.99601316,0.003986015,8.1916664e-07
SEEDIV:S08:R1:T07,SEEDIV:S08,1:T07,0,0,0.9959208,0.004078365,8.541378e-07
SEEDIV:S08:R1:T08,SEEDIV:S08,1:T08,1,1,0.09093225,0.9081276,0.0009401658
SEEDIV:S08:R1:T09,SEEDIV:S08,1:T09,0,0,0.99616665,0.0038325058,7.778852e-07
SEEDIV:S08:R1:T10,SEEDIV:S08,1:T10,1,1,0.051659565,0.9472535,0.0010869094
SEEDIV:S08:R1:T11,SEEDIV:S08,1:T11,1,2,0.39755377,0.60195327,0.00049292564
SEEDIV:S08:R1:T16,SEEDIV:S08,1:T16,2,3,1.6845446e-07,0.00017423037,0.99982566
SEEDIV:S08:R1:T17,SEEDIV:S08,1:T17,1,2,0.11489318,0.8842308,0.0008760431
SEEDIV:S08:R1:T18,SEEDIV:S08,1:T18,1,2,0.0050115525,0.9932749,0.0017135044
SEEDIV:S08:R1:T19,SEEDIV:S08,1:T19,2,3,1.9742858e-07,0.00019982395,0.9997999
SEEDIV:S11:R1:T01,SEEDIV:S11,1:T01,1,1,0.4356896,0.5638333,0.00047707665
SEEDIV:S11:R1:T03,SEEDIV:S11,1:T03,2,3,5.554408e-08,6.0958897e-05,0.9999391
SEEDIV:S11:R1:T06,SEEDIV:S11,1:T06,0,0,0.9961383,0.0038608396,7.865948e-07
SEEDIV:S11:R1:T07,SEEDIV:S11,1:T07,0,0,0.9960639,0.0039353236,8.113207e-07
SEEDIV:S11:R1:T08,SEEDIV:S11,1:T08,1,1,0.033481754,0.9653652,0.0011531006
SEEDIV:S11:R1:T09,SEEDIV:S11,1:T09,0,0,0.9957325,0.0042665466,9.164731e-07
SEEDIV:S11:R1:T10,SEEDIV:S11,1:T10,1,1,0.0044631492,0.99357754,0.001959327
SEEDIV:S11:R1:T11,SEEDIV:S11,1:T11,1,2,0.002743186,0.9930947,0.0041621136
SEEDIV:S11:R1:T16,SEEDIV:S11,1:T16,2,3,7.133741e-08,7.624724e-05,0.9999236
SEEDIV:S11:R1:T17,SEEDIV:S11,1:T17,1,2,0.10685909,0.8922008,0.0009400898
SEEDIV:S11:R1:T18,SEEDIV:S11,1:T18,1,2,0.0047826837,0.9934127,0.0018046
SEEDIV:S11:R1:T19,SEEDIV:S11,1:T19,2,3,1.01705616e-07,0.000107012995,0.99989283
SEEDIV:S12:R1:T01,SEEDIV:S12,1:T01,1,1,0.0029830132,0.99389404,0.003122917
SEEDIV:S12:R1:T03,SEEDIV:S12,1:T03,2,3,1.1325831e-07,0.000118546144,0.99988127
SEEDIV:S12:R1:T06,SEEDIV:S12,1:T06,0,0,0.9960704,0.003928753,8.0362e-07
SEEDIV:S12:R1:T07,SEEDIV:S12,1:T07,0,0,0.9945332,0.0054654037,1.3819172e-06
SEEDIV:S12:R1:T08,SEEDIV:S12,1:T08,1,1,0.011016689,0.98750615,0.0014771724
SEEDIV:S12:R1:T09,SEEDIV:S12,1:T09,0,0,0.99388874,0.006109635,1.6190896e-06
SEEDIV:S12:R1:T10,SEEDIV:S12,1:T10,1,1,0.022098808,0.97660667,0.0012945279
SEEDIV:S12:R1:T11,SEEDIV:S12,1:T11,1,2,0.01146077,0.9871023,0.0014368418
SEEDIV:S12:R1:T16,SEEDIV:S12,1:T16,2,3,3.550988e-08,3.9059407e-05,0.9999609
SEEDIV:S12:R1:T17,SEEDIV:S12,1:T17,1,2,0.96565855,0.0343256,1.5916909e-05
SEEDIV:S12:R1:T18,SEEDIV:S12,1:T18,1,2,0.9408994,0.059069976,3.0624116e-05
SEEDIV:S12:R1:T19,SEEDIV:S12,1:T19,2,3,3.8912287e-07,0.00039704677,0.9996026
SEEDIV:S13:R1:T01,SEEDIV:S13,1:T01,1,1,0.05744801,0.9414759,0.0010760135
SEEDIV:S13:R1:T03,SEEDIV:S13,1:T03,2,3,1.0059432e-06,0.000985991,0.99901307
SEEDIV:S13:R1:T06,SEEDIV:S13,1:T06,0,0,0.99622643,0.0037728758,7.637319e-07
SEEDIV:S13:R1:T07,SEEDIV:S13,1:T07,0,0,0.9965352,0.003464112,6.767232e-07
SEEDIV:S13:R1:T08,SEEDIV:S13,1:T08,1,1,0.15116777,0.8479822,0.0008500472
SEEDIV:S13:R1:T09,SEEDIV:S13,1:T09,0,0,0.99629647,0.0037027705,7.391506e-07
SEEDIV:S13:R1:T10,SEEDIV:S13,1:T10,1,1,0.759236,0.24060343,0.00016055298
SEEDIV:S13:R1:T11,SEEDIV:S13,1:T11,1,2,0.7047415,0.2950558,0.00020273037
SEEDIV:S13:R1:T16,SEEDIV:S13,1:T16,2,3,3.983802e-08,4.333602e-05,0.9999566
SEEDIV:S13:R1:T17,SEEDIV:S13,1:T17,1,2,0.0018826891,0.97338796,0.024729326
SEEDIV:S13:R1:T18,SEEDIV:S13,1:T18,1,2,0.4364819,0.56305104,0.0004670956
SEEDIV:S13:R1:T19,SEEDIV:S13,1:T19,2,3,7.434638e-08,7.908666e-05,0.99992085
SEEDIV:S15:R1:T01,SEEDIV:S15,1:T01,1,1,0.0030964322,0.99376315,0.0031404658
SEEDIV:S15:R1:T03,SEEDIV:S15,1:T03,2,3,9.714593e-07,0.0009935364,0.9990055
SEEDIV:S15:R1:T06,SEEDIV:S15,1:T06,0,0,0.9960037,0.0039955396,8.294039e-07
SEEDIV:S15:R1:T07,SEEDIV:S15,1:T07,0,0,0.9956922,0.004306872,9.2947323e-07
SEEDIV:S15:R1:T08,SEEDIV:S15,1:T08,1,1,0.005010511,0.9931263,0.0018632131
SEEDIV:S15:R1:T09,SEEDIV:S15,1:T09,0,0,0.9961403,0.0038589279,7.883793e-07
SEEDIV:S15:R1:T10,SEEDIV:S15,1:T10,1,1,0.9886262,0.011369928,3.87418e-06
SEEDIV:S15:R1:T11,SEEDIV:S15,1:T11,1,2,0.73455435,0.2652696,0.00017597228
SEEDIV:S15:R1:T16,SEEDIV:S15,1:T16,2,3,5.1322394e-07,0.00051540125,0.99948406
SEEDIV:S15:R1:T17,SEEDIV:S15,1:T17,1,2,0.005024451,0.9931938,0.0017818168
SEEDIV:S15:R1:T18,SEEDIV:S15,1:T18,1,2,0.8097353,0.19014566,0.00011911273
SEEDIV:S15:R1:T19,SEEDIV:S15,1:T19,2,3,5.2019825e-08,5.5574346e-05,0.99994445
