trial_id,subject_id,material_key,label,original_label,p0,p1
DEAP:S02:T04,DEAP:S02,T04,1,6.05,0.5958841,0.40411597
DEAP:S02:T05,DEAP:S02,T05,1,5.04,0.5749083,0.4250917
DEAP:S02:T07,DEAP:S02,T07,0,4.96,0.5645533,0.43544668
DEAP:S02:T09,DEAP:S02,T09,1,9.0,0.556138,0.44386202
DEAP:S02:T13,DEAP:S02,T13,1,9.0,0.59378,0.40621996
DEAP:S02:T15,DEAP:S02,T15,1,9.0,0.567979,0.43202096
DEAP:S02:T18,DEAP:S02,T18,1,9.0,0.5933966,0.40660343
DEAP:S02:T19,DEAP:S02,T19,1,9.0,0.601949,0.398051
DEAP:S02:T24,DEAP:S02,T24,1,7.08,0.5471884,0.45281163
DEAP:S02:T27,DEAP:S02,T27,0,4.96,0.6156747,0.38432536
DEAP:S02:T28,DEAP:S02,T28,0,4.06,0.59909,0.40091005
DEAP:S02:T29,DEAP:S02,T29,0,2.99,0.59614486,0.40385517
DEAP:S02:T30,DEAP:S02,T30,0,2.01,0.59972876,0.40027127
DEAP:S02:T36,DEAP:S02,T36,1,5.04,0.43998444,0.56001556
DEAP:S05:T04,DEAP:S05,T04,1,8.24,0.561043,0.43895695
DEAP:S05:T05,DEAP:S05,T05,0,3.04,0.58515894,0.41484106
DEAP:S05:T07,DEAP:S05,T07,1,5.12,0.52770954,0.4722905
DEAP:S05:T09,DEAP:S05,T09,1,6.94,0.55495596,0.445044
DEAP:S05:T13,DEAP:S05,T13,0,4.94,0.5718275,0.42817256
DEAP:S05:T15,DEAP:S05,T15,1,6.97,0.57322174,0.4267783
DEAP:S05:T18,DEAP:S05,T18,1,8.05,0.5562865,0.44371346
DEAP:S05:T19,DEAP:S05,T19,1,8.03,0.55391514,0.44608486
DEAP:S05:T22,DEAP:S05,T22,1,6.99,0.57248676,0.42751327
DEAP:S05:T24,DEAP:S05,T24,0,4.0,0.57241404,0.42758596
DEAP:S05:T27,DEAP:S05,T27,1,7.0,0.55466336,0.4453366
DEAP:S05:T28,DEAP:S05,T28,0,3.9,0.56865793,0.43134204
DEAP:S05:T29,DEAP:S05,T29,0,4.04,0.5627619,0.43723804
DEAP:S05:T32,DEAP:S05,T32,0,1.94,0.5239754,0.4760246
DEAP:S05:T36,DEAP:S05,T36,0,4.91,0.55794674,0.4420532
DEAP:S06:T04,DEAP:S06,T04,1,7.55,0.18167832,0.81832165
DEAP:S06:T05,DEAP:S06,T05,1,7.01,0.14390491,0.85609514
DEAP:S06:T09,DEAP:S06,T09,1,7.87,0.17299667,0.8270033
DEAP:S06:T13,DEAP:S06,T13,1,7.79,0.24062519,0.75937474
DEAP:S06:T15,DEAP:S06,T15,1,5.59,0.20829116,0.7917088
DEAP:S06:T18,DEAP:S06,T18,1,7.59,0.17143464,0.82856536
DEAP:S06:T19,DEAP:S06,T19,1,7.41,0.21355674,0.78644323
DEAP:S06:T22,DEAP:S06,T22,1,7.56,0.22351132,0.77648866
DEAP:S06:T24,DEAP:S06,T24,0,3.5,0.25704655,0.7429535
DEAP:S06:T27,DEAP:S06,T27,1,5.08,0.25462234,0.7453777
DEAP:S06:T28,DEAP:S06,T28,1,6.42,0.21583724,0.78416276
DEAP:S06:T29,DEAP:S06,T29,0,4.27,0.24921948,0.7507805
DEAP:S06:T30,DEAP:S06,T30,1,6.99,0.21308577,0.7869142
DEAP:S06:T32,DEAP:S06,T32,1,6.99,0.16800718,0.8319928
DEAP:S06:T36,DEAP:S06,T36,1,5.71,0.2449694,0.7550306
DEAP:S07:T04,DEAP:S07,T04,1,7.08,0.23666485,0.7633351
DEAP:S07:T05,DEAP:S07,T05,1,7.05,0.23039044,0.7696096
DEAP:S07:T07,DEAP:S07,T07,1,7.08,0.19871664,0.80128336
DEAP:S07:T09,DEAP:S07,T09,1,6.99,0.15380664,0.8461933
DEAP:S07:T13,DEAP:S07,T13,1,8.0,0.24340585,0.7565942
DEAP:S07:T15,DEAP:S07,T15,1,7.99,0.25624248,0.74375755
DEAP:S07:T18,DEAP:S07,T18,1,7.03,0.17006175,0.82993823
DEAP:S07:T19,DEAP:S07,T19,1,6.99,0.2934873,0.7065127
DEAP:S07:T22,DEAP:S07,T22,0,3.05,0.20690046,0.7930995
DEAP:S07:T24,DEAP:S07,T24,0,1.97,0.27113688,0.7288631
DEAP:S07:T27,DEAP:S07,T27,1,6.09,0.24597004,0.7540299
DEAP:S07:T28,DEAP:S07,T28,0,2.05,0.44098923,0.5590108
DEAP:S07:T29,DEAP:S07,T29,1,7.09,0.28344613,0.71655387
DEAP:S07:T36,DEAP:S07,T36,1,8.1,0.27468294,0.72531706
DEAP:S08:T04,DEAP:S08,T04,1,6.82,0.31032252,0.6896775
DEAP:S08:T05,DEAP:S08,T05,0,4.41,0.3958431,0.6041569
DEAP:S08:T07,DEAP:S08,T07,1,5.04,0.34396827,0.6560317
DEAP:S08:T09,DEAP:S08,T09,1,8.78,0.27602312,0.7239769
DEAP:S08:T13,DEAP:S08,T13,1,7.9,0.20673878,0.79326123
DEAP:S08:T15,DEAP:S08,T15,1,8.33,0.36370307,0.6362969
DEAP:S08:T18,DEAP:S08,T18,1,7.21,0.3590918,0.64090824
DEAP:S08:T19,DEAP:S08,T19,1,5.04,0.24885249,0.7511475
DEAP:S08:T22,DEAP:S08,T22,0,4.23,0.30487895,0.69512105
DEAP:S08:T27,DEAP:S08,T27,0,4.46,0.2964744,0.7035256
DEAP:S08:T28,DEAP:S08,T28,1,5.04,0.2904804,0.7095196
DEAP:S08:T29,DEAP:S08,T29,0,2.78,0.35213304,0.6478669
DEAP:S08:T30,DEAP:S08,T30,0,1.4,0.3659189,0.6340811
DEAP:S08:T32,DEAP:S08,T32,1,6.33,0.2494454,0.7505546
DEAP:S08:T36,DEAP:S08,T36,0,1.21,0.34681526,0.6531847
DEAP:S09:T04,DEAP:S09,T04,1,5.99,0.61803824,0.38196173
DEAP:S09:T05,DEAP:S09,T05,0,4.99,0.6049832,0.39501673
DEAP:S09:T07,DEAP:S09,T07,1,5.08,0.6068124,0.3931876
DEAP:S09:T09,DEAP:S09,T09,1,5.96,0.51495546,0.48504457
DEAP:S09:T13,DEAP:S09,T13,1,8.15,0.59803575,0.40196425
DEAP:S09:T15,DEAP:S09,T15,1,6.21,0.6037842,0.39621577
DEAP:S09:T18,DEAP:S09,T18,0,4.9,0.57888186,0.42111814
DEAP:S09:T19,DEAP:S09,T19,0,3.97,0.56867695,0.43132302
DEAP:S09:T22,DEAP:S09,T22,0,3.99,0.59605557,0.4039445
DEAP:S09:T27,DEAP:S09,T27,1,5.04,0.5727891,0.427211
DEAP:S09:T28,DEAP:S09,T28,0,2.96,0.591091,0.408909
DEAP:S09:T30,DEAP:S09,T30,0,4.04,0.602248,0.39775202
DEAP:S09:T32,DEAP:S09,T32,0,3.1,0.598494,0.40150598
DEAP:S09:T36,DEAP:S09,T36,0,3.08,0.6093619,0.3906381
DEAP:S10:T04,DEAP:S10,T04,1,7.01,0.21208073,0.7879193
DEAP:S10:T05,DEAP:S10,T05,1,7.24,0.2698718,0.7301282
DEAP:S10:T07,DEAP:S10,T07,1,8.96,0.21219473,0.78780526
DEAP:S10:T09,DEAP:S10,T09,1,7.56,0.22162408,0.7783759
DEAP:S10:T13,DEAP:S10,T13,1,6.72,0.3502392,0.6497608
DEAP:S10:T18,DEAP:S10,T18,1,7.31,0.24492821,0.75507176
DEAP:S10:T19,DEAP:S10,T19,1,7.82,0.28761208,0.7123879
DEAP:S10:T22,DEAP:S10,T22,0,4.24,0.58931535,0.4106847
DEAP:S10:T24,DEAP:S10,T24,1,6.82,0.26243058,0.7375694
DEAP:S10:T27,DEAP:S10,T27,0,4.94,0.4769132,0.5230868
DEAP:S10:T28,DEAP:S10,T28,0,4.31,0.42431897,0.5756811
DEAP:S10:T29,DEAP:S10,T29,0,3.94,0.5385747,0.46142527
DEAP:S10:T30,DEAP:S10,T30,0,2.64,0.41247782,0.58752215
DEAP:S10:T32,DEAP:S10,T32,1,5.96,0.22648436,0.77351564
DEAP:S10:T36,DEAP:S10,T36,0,2.17,0.37436077,0.6256392
DEAP:S11:T04,DEAP:S11,T04,1,7.65,0.35659283,0.6434072
DEAP:S11:T05,DEAP:S11,T05,1,7.41,0.3564123,0.64358765
DEAP:S11:T07,DEAP:S11,T07,1,6.37,0.3650307,0.6349693
DEAP:S11:T09,DEAP:S11,T09,1,7.04,0.36993727,0.63006276
DEAP:S11:T13,DEAP:S11,T13,1,8.42,0.35675496,0.6432451
DEAP:S11:T15,DEAP:S11,T15,1,6.92,0.36783636,0.63216364
DEAP:S11:T18,DEAP:S11,T18,1,7.95,0.41241872,0.5875813
DEAP:S11:T19,DEAP:S11,T19,1,5.54,0.35895303,0.641047
DEAP:S11:T22,DEAP:S11,T22,1,6.15,0.4228791,0.5771209
DEAP:S11:T24,DEAP:S11,T24,0,2.88,0.3532622,0.64673775
DEAP:S11:T27,DEAP:S11,T27,0,2.28,0.43163982,0.5683602
DEAP:S11:T28,DEAP:S11,T28,0,4.26,0.3423173,0.65768266
DEAP:S11:T30,DEAP:S11,T30,0,4.58,0.40238753,0.59761244
DEAP:S11:T32,DEAP:S11,T32,1,5.01,0.3443519,0.65564805
DEAP:S11:T36,DEAP:S11,T36,0,3.62,0.3565572,0.6434428
DEAP:S12:T04,DEAP:S12,T04,1,6.86,0.5635284,0.43647158
DEAP:S12:T05,DEAP:S12,T05,0,4.01,0.57372594,0.426274
DEAP:S12:T09,DEAP:S12,T09,1,7.95,0.55813277,0.4418672
DEAP:S12:T13,DEAP:S12,T13,1,7.99,0.33779785,0.6622022
DEAP:S12:T15,DEAP:S12,T15,1,7.08,0.3036008,0.6963992
DEAP:S12:T18,DEAP:S12,T18,1,7.35,0.5525282,0.44747177
DEAP:S12:T19,DEAP:S12,T19,1,7.03,0.55243325,0.44756675
DEAP:S12:T22,DEAP:S12,T22,0,3.33,0.56916773,0.43083227
DEAP:S12:T24,DEAP:S12,T24,0,2.79,0.5635958,0.43640423
DEAP:S12:T27,DEAP:S12,T27,1,5.05,0.29738906,0.7026109
DEAP:S12:T28,DEAP:S12,T28,1,5.04,0.3515963,0.64840376
DEAP:S12:T29,DEAP:S12,T29,0,1.67,0.57360846,0.42639154
DEAP:S12:T30,DEAP:S12,T30,0,3.36,0.58630514,0.4136949
DEAP:S12:T32,DEAP:S12,T32,0,1.86,0.5812482,0.41875175
DEAP:S12:T36,DEAP:S12,T36,0,2.82,0.5852878,0.41471216
DEAP:S13:T05,DEAP:S13,T05,1,5.01,0.44069195,0.55930805
DEAP:S13:T07,DEAP:S13,T07,0,2.99,0.5722771,0.42772287
DEAP:S13:T09,DEAP:S13,T09,1,7.06,0.3553669,0.6446331
DEAP:S13:T13,DEAP:S13,T13,1,9.0,0.38752484,0.61247516
DEAP:S13:T15,DEAP:S13,T15,0,4.94,0.5737238,0.42627627
DEAP:S13:T18,DEAP:S13,T18,1,7.94,0.3318469,0.66815317
DEAP:S13:T19,DEAP:S13,T19,1,8.51,0.3115825,0.6884175
DEAP:S13:T22,DEAP:S13,T22,0,4.01,0.5759551,0.4240449
DEAP:S13:T24,DEAP:S13,T24,0,2.97,0.57136893,0.4286311
DEAP:S13:T27,DEAP:S13,T27,1,5.47,0.5728734,0.4271266
DEAP:S13:T28,DEAP:S13,T28,1,7.08,0.5673903,0.43260965
DEAP:S13:T29,DEAP:S13,T29,0,4.04,0.5789846,0.42101535
DEAP:S13:T30,DEAP:S13,T30,0,3.05,0.5811673,0.41883275
DEAP:S13:T32,DEAP:S13,T32,0,4.05,0.5655955,0.43440455
DEAP:S13:T36,DEAP:S13,T36,0,2.54,0.5768915,0.4231085
DEAP:S14:T04,DEAP:S14,T04,1,7.38,0.5530251,0.44697484
DEAP:S14:T05,DEAP:S14,T05,0,3.99,0.6251271,0.37487295
DEAP:S14:T07,DEAP:S14,T07,1,6.85,0.45953786,0.54046214
DEAP:S14:T09,DEAP:S14,T09,1,7.69,0.593871,0.40612906
DEAP:S14:T13,DEAP:S14,T13,1,6.79,0.5998119,0.40018812
DEAP:S14:T15,DEAP:S14,T15,1,7.08,0.55802107,0.4419789
DEAP:S14:T18,DEAP:S14,T18,1,8.09,0.543541,0.456459
DEAP:S14:T19,DEAP:S14,T19,1,7.55,0.55102277,0.44897723
DEAP:S14:T22,DEAP:S14,T22,0,4.1,0.58837897,0.41162106
DEAP:S14:T24,DEAP:S14,T24,0,2.36,0.6260832,0.37391683
DEAP:S14:T27,DEAP:S14,T27,1,5.81,0.5170449,0.4829551
DEAP:S14:T28,DEAP:S14,T28,0,2.53,0.6106896,0.3893104
DEAP:S14:T29,DEAP:S14,T29,0,2.92,0.61014766,0.38985232
DEAP:S14:T32,DEAP:S14,T32,0,1.99,0.5843147,0.4156853
DEAP:S14:T36,DEAP:S14,T36,0,2.01,0.5962381,0.4037619
DEAP:S15:T04,DEAP:S15,T04,1,8.04,0.18970552,0.8102945
DEAP:S15:T05,DEAP:S15,T05,1,9.0,0.1954834,0.8045166
DEAP:S15:T07,DEAP:S15,T07,1,5.04,0.44813782,0.5518622
DEAP:S15:T09,DEAP:S15,T09,1,9.0,0.1886909,0.81130904
DEAP:S15:T13,DEAP:S15,T13,1,7.06,0.21652748,0.7834725
DEAP:S15:T15,DEAP:S15,T15,1,8.12,0.39482245,0.6051775
DEAP:S15:T18,DEAP:S15,T18,1,7.04,0.4742229,0.52577704
DEAP:S15:T19,DEAP:S15,T19,1,7.04,0.40609813,0.59390193
DEAP:S15:T22,DEAP:S15,T22,0,4.12,0.61400735,0.38599268
DEAP:S15:T24,DEAP:S15,T24,0,1.92,0.5070294,0.4929706
DEAP:S15:T27,DEAP:S15,T27,1,6.0,0.6024125,0.3975875
DEAP:S15:T28,DEAP:S15,T28,0,4.01,0.5624522,0.4375478
DEAP:S15:T29,DEAP:S15,T29,0,4.05,0.5933705,0.40662953
DEAP:S15:T30,DEAP:S15,T30,0,2.04,0.5807825,0.4192176
DEAP:S15:T32,DEAP:S15,T32,0,3.97,0.5800598,0.4199402
DEAP:S15:T36,DEAP:S15,T36,0,3.96,0.5293935,0.4706065
DEAP:S16:T04,DEAP:S16,T04,1,7.09,0.46266028,0.5373397
DEAP:S16:T05,DEAP:S16,T05,1,5.51,0.47019118,0.5298088
DEAP:S16:T07,DEAP:S16,T07,1,6.83,0.46337637,0.53662366
DEAP:S16:T09,DEAP:S16,T09,0,4.18,0.53876734,0.46123266
DEAP:S16:T13,DEAP:S16,T13,0,3.88,0.4555951,0.54440486
DEAP:S16:T15,DEAP:S16,T15,0,2.67,0.5611301,0.4388699
DEAP:S16:T18,DEAP:S16,T18,1,6.56,0.35766184,0.64233816
DEAP:S16:T19,DEAP:S16,T19,0,2.86,0.5682473,0.43175268
DEAP:S16:T22,DEAP:S16,T22,1,6.79,0.46668744,0.5333125
DEAP:S16:T24,DEAP:S16,T24,0,2.51,0.38037938,0.6196207
DEAP:S16:T27,DEAP:S16,T27,0,2.59,0.41376024,0.58623976
DEAP:S16:T28,DEAP:S16,T28,0,2.85,0.4084295,0.5915705
DEAP:S16:T29,DEAP:S16,T29,0,3.23,0.37869182,0.62130815
DEAP:S16:T30,DEAP:S16,T30,1,6.1,0.44449213,0.5555079
DEAP:S16:T32,DEAP:S16,T32,1,5.01,0.41579005,0.58421
DEAP:S16:T36,DEAP:S16,T36,1,5.05,0.36781955,0.63218045
DEAP:S17:T04,DEAP:S17,T04,1,6.35,0.54110724,0.4588928
DEAP:S17:T05,DEAP:S17,T05,1,7.05,0.59817904,0.401821
DEAP:S17:T07,DEAP:S17,T07,1,7.08,0.4715635,0.52843654
DEAP:S17:T13,DEAP:S17,T13,0,4.54,0.5999071,0.40009287
DEAP:S17:T15,DEAP:S17,T15,1,5.96,0.5842227,0.41577733
DEAP:S17:T18,DEAP:S17,T18,1,6.22,0.57964,0.42036003
DEAP:S17:T19,DEAP:S17,T19,1,7.27,0.56837785,0.43162218
DEAP:S17:T22,DEAP:S17,T22,0,3.19,0.6019686,0.39803144
DEAP:S17:T24,DEAP:S17,T24,0,4.53,0.5956839,0.40431613
DEAP:S17:T27,DEAP:S17,T27,0,3.96,0.59735006,0.40264997
DEAP:S17:T28,DEAP:S17,T28,1,5.64,0.59576285,0.4042371
DEAP:S17:T29,DEAP:S17,T29,1,5.54,0.6000194,0.39998063
DEAP:S17:T30,DEAP:S17,T30,0,3.04,0.5811833,0.41881675
DEAP:S17:T32,DEAP:S17,T32,0,4.04,0.5993574,0.4006425
DEAP:S17:T36,DEAP:S17,T36,0,3.37,0.55184007,0.4481599
DEAP:S18:T04,DEAP:S18,T04,1,6.65,0.22918592,0.7708141
DEAP:S18:T05,DEAP:S18,T05,1,6.13,0.18631805,0.8136819
DEAP:S18:T07,DEAP:S18,T07,1,7.33,0.18954018,0.81045985
DEAP:S18:T09,DEAP:S18,T09,1,6.55,0.26019055,0.7398095
DEAP:S18:T13,DEAP:S18,T13,1,7.33,0.26167455,0.7383255
DEAP:S18:T15,DEAP:S18,T15,1,6.04,0.28492883,0.71507114
DEAP:S18:T18,DEAP:S18,T18,1,7.05,0.24658073,0.7534193
DEAP:S18:T19,DEAP:S18,T19,1,7.04,0.23647432,0.7635257
DEAP:S18:T22,DEAP:S18,T22,1,5.69,0.28614253,0.7138575
DEAP:S18:T24,DEAP:S18,T24,0,3.22,0.39669994,0.60330003
DEAP:S18:T27,DEAP:S18,T27,1,5.94,0.28189266,0.71810734
DEAP:S18:T28,DEAP:S18,T28,1,5.95,0.20257536,0.7974247
DEAP:S18:T29,DEAP:S18,T29,0,4.9,0.2883932,0.71160686
DEAP:S18:T30,DEAP:S18,T30,0,2.96,0.2961657,0.7038343
DEAP:S18:T32,DEAP:S18,T32,0,4.62,0.2716852,0.72831476
DEAP:S18:T36,DEAP:S18,T36,1,5.24,0.28376132,0.7162387
DEAP:S19:T04,DEAP:S19,T04,1,5.77,0.48283732,0.51716274
DEAP:S19:T05,DEAP:S19,T05,1,7.79,0.49240482,0.5075952
DEAP:S19:T07,DEAP:S19,T07,1,6.64,0.40922278,0.5907772
DEAP:S19:T09,DEAP:S19,T09,1,7.09,0.32420045,0.67579955
DEAP:S19:T13,DEAP:S19,T13,1,7.53,0.3291617,0.6708383
DEAP:S19:T15,DEAP:S19,T15,1,5.68,0.36329007,0.63671
DEAP:S19:T18,DEAP:S19,T18,1,7.77,0.4228462,0.57715386
DEAP:S19:T19,DEAP:S19,T19,1,7.65,0.40339074,0.5966093
DEAP:S19:T22,DEAP:S19,T22,1,5.04,0.38786644,0.61213356
DEAP:S19:T24,DEAP:S19,T24,0,3.23,0.44450334,0.5554967
DEAP:S19:T28,DEAP:S19,T28,1,6.21,0.44920373,0.5507963
DEAP:S19:T29,DEAP:S19,T29,0,2.82,0.47516078,0.5248392
DEAP:S19:T30,DEAP:S19,T30,0,2.85,0.36953977,0.63046026
DEAP:S19:T32,DEAP:S19,T32,0,4.96,0.5479661,0.45203394
DEAP:S19:T36,DEAP:S19,T36,0,3.71,0.4795853,0.52041477
DEAP:S24:T04,DEAP:S24,T04,1,6.05,0.5735557,0.42644432
DEAP:S24:T05,DEAP:S24,T05,1,7.06,0.5773752,0.42262486
DEAP:S24:T07,DEAP:S24,T07,0,3.04,0.56890845,0.43109155
DEAP:S24:T09,DEAP:S24,T09,1,7.08,0.5777162,0.42228383
DEAP:S24:T13,DEAP:S24,T13,1,8.0,0.56123316,0.4387669
DEAP:S24:T15,DEAP:S24,T15,1,6.0,0.56494963,0.43505037
DEAP:S24:T18,DEAP:S24,T18,1,8.96,0.5935572,0.4064428
DEAP:S24:T22,DEAP:S24,T22,0,3.03,0.59396064,0.40603936
DEAP:S24:T24,DEAP:S24,T24,0,2.99,0.54802483,0.45197517
DEAP:S24:T27,DEAP:S24,T27,1,6.08,0.59430194,0.40569806
DEAP:S24:T28,DEAP:S24,T28,0,4.03,0.53981584,0.46018416
DEAP:S24:T29,DEAP:S24,T29,0,3.97,0.56598216,0.43401787
DEAP:S24:T30,DEAP:S24,T30,0,1.0,0.5754738,0.42452618
DEAP:S24:T32,DEAP:S24,T32,0,3.0,0.5895998,0.41040024
DEAP:S24:T36,DEAP:S24,T36,0,4.0,0.41684663,0.5831534
DEAP:S25:T05,DEAP:S25,T05,1,5.04,0.4577392,0.54226077
DEAP:S25:T07,DEAP:S25,T07,1,6.08,0.45039368,0.5496063
DEAP:S25:T09,DEAP:S25,T09,1,8.09,0.46440098,0.535599
DEAP:S25:T13,DEAP:S25,T13,1,7.97,0.45569664,0.54430336
DEAP:S25:T15,DEAP:S25,T15,1,7.01,0.4503905,0.54960954
DEAP:S25:T18,DEAP:S25,T18,0,3.04,0.48624378,0.5137562
DEAP:S25:T19,DEAP:S25,T19,1,7.06,0.4652472,0.5347528
DEAP:S25:T22,DEAP:S25,T22,1,8.03,0.4731415,0.5268585
DEAP:S25:T24,DEAP:S25,T24,0,3.05,0.50825596,0.491744
DEAP:S25:T27,DEAP:S25,T27,1,5.03,0.43351966,0.5664803
DEAP:S25:T29,DEAP:S25,T29,0,1.0,0.45546854,0.5445315
DEAP:S25:T30,DEAP:S25,T30,0,4.03,0.47436163,0.52563834
DEAP:S25:T32,DEAP:S25,T32,0,1.0,0.45173913,0.5482609
DEAP:S25:T36,DEAP:S25,T36,0,3.0,0.47078538,0.5292147
DEAP:S26:T04,DEAP:S26,T04,1,8.03,0.5329436,0.4670564
DEAP:S26:T05,DEAP:S26,T05,0,4.0,0.5638608,0.43613923
DEAP:S26:T07,DEAP:S26,T07,1,6.08,0.5570575,0.4429425
DEAP:S26:T09,DEAP:S26,T09,1,8.05,0.45531029,0.5446897
DEAP:S26:T13,DEAP:S26,T13,1,7.12,0.5052029,0.49479708
DEAP:S26:T15,DEAP:S26,T15,1,7.01,0.5024032,0.49759677
DEAP:S26:T18,DEAP:S26,T18,1,9.0,0.51632214,0.48367786
DEAP:S26:T19,DEAP:S26,T19,1,8.0,0.5229411,0.4770589
DEAP:S26:T22,DEAP:S26,T22,1,6.97,0.56619436,0.43380558
DEAP:S26:T24,DEAP:S26,T24,1,9.0,0.49270913,0.5072909
DEAP:S26:T27,DEAP:S26,T27,1,6.0,0.56146234,0.43853763
DEAP:S26:T28,DEAP:S26,T28,1,5.97,0.5624762,0.4375238
DEAP:S26:T29,DEAP:S26,T29,1,6.09,0.5621555,0.4378445
DEAP:S26:T30,DEAP:S26,T30,0,4.95,0.49960196,0.500398
DEAP:S26:T32,DEAP:S26,T32,0,1.96,0.53255486,0.4674452
DEAP:S26:T36,DEAP:S26,T36,0,2.92,0.55364394,0.44635603
DEAP:S27:T04,DEAP:S27,T04,1,7.05,0.23985632,0.76014364
DEAP:S27:T05,DEAP:S27,T05,0,4.97,0.23290315,0.7670968
DEAP:S27:T07,DEAP:S27,T07,0,4.94,0.24454553,0.7554545
DEAP:S27:T09,DEAP:S27,T09,1,8.99,0.28035575,0.71964425
DEAP:S27:T13,DEAP:S27,T13,1,7.01,0.24193487,0.75806516
DEAP:S27:T15,DEAP:S27,T15,1,5.04,0.26087707,0.7391229
DEAP:S27:T18,DEAP:S27,T18,1,9.0,0.22378089,0.7762191
DEAP:S27:T19,DEAP:S27,T19,1,5.06,0.26950848,0.7304915
DEAP:S27:T22,DEAP:S27,T22,1,7.29,0.24602792,0.75397205
DEAP:S27:T24,DEAP:S27,T24,1,8.9,0.24444099,0.755559
DEAP:S27:T27,DEAP:S27,T27,0,4.97,0.2638237,0.73617625
DEAP:S27:T28,DEAP:S27,T28,1,5.04,0.24722528,0.7527747
DEAP:S27:T29,DEAP:S27,T29,1,7.18,0.23857284,0.76142716
DEAP:S27:T30,DEAP:S27,T30,1,7.08,0.22444098,0.77555907
DEAP:S27:T32,DEAP:S27,T32,1,5.04,0.22943433,0.7705657
DEAP:S27:T36,DEAP:S27,T36,1,6.13,0.24175926,0.7582407
DEAP:S28:T04,DEAP:S28,T04,1,8.08,0.41038603,0.589614
DEAP:S28:T05,DEAP:S28,T05,1,7.04,0.3285873,0.67141277
DEAP:S28:T07,DEAP:S28,T07,1,8.09,0.29608244,0.70391756
DEAP:S28:T09,DEAP:S28,T09,1,5.04,0.34563273,0.6543673
DEAP:S28:T13,DEAP:S28,T13,0,2.09,0.35219902,0.647801
DEAP:S28:T15,DEAP:S28,T15,1,5.04,0.34888583,0.65111417
DEAP:S28:T18,DEAP:S28,T18,1,8.08,0.33128276,0.6687172
DEAP:S28:T19,DEAP:S28,T19,1,7.03,0.32443976,0.67556024
DEAP:S28:T22,DEAP:S28,T22,1,5.03,0.37042022,0.6295798
DEAP:S28:T24,DEAP:S28,T24,0,4.04,0.36203995,0.63796
DEAP:S28:T27,DEAP:S28,T27,1,6.08,0.34180158,0.65819836
DEAP:S28:T28,DEAP:S28,T28,0,2.9,0.4483077,0.5516923
DEAP:S28:T29,DEAP:S28,T29,0,2.06,0.35307136,0.64692867
DEAP:S28:T30,DEAP:S28,T30,0,1.99,0.39872408,0.6012759
DEAP:S28:T32,DEAP:S28,T32,0,3.05,0.35903898,0.640961
DEAP:S29:T04,DEAP:S29,T04,1,7.17,0.37551364,0.6244864
DEAP:S29:T05,DEAP:S29,T05,1,6.05,0.37526438,0.62473565
DEAP:S29:T07,DEAP:S29,T07,1,7.04,0.39218408,0.60781586
DEAP:S29:T09,DEAP:S29,T09,1,7.06,0.44215047,0.5578495
DEAP:S29:T13,DEAP:S29,T13,1,6.06,0.41132903,0.58867097
DEAP:S29:T15,DEAP:S29,T15,0,4.01,0.3079001,0.6920999
DEAP:S29:T18,DEAP:S29,T18,1,7.01,0.31217068,0.6878293
DEAP:S29:T19,DEAP:S29,T19,1,7.05,0.331388,0.668612
DEAP:S29:T24,DEAP:S29,T24,0,4.12,0.38394946,0.6160506
DEAP:S29:T27,DEAP:S29,T27,1,7.09,0.36187747,0.6381225
DEAP:S29:T29,DEAP:S29,T29,0,3.97,0.39707434,0.60292566
DEAP:S29:T32,DEAP:S29,T32,0,4.04,0.40740252,0.5925974
DEAP:S29:T36,DEAP:S29,T36,1,5.03,0.4112989,0.58870107
DEAP:S30:T04,DEAP:S30,T04,1,7.04,0.4181235,0.58187646
DEAP:S30:T05,DEAP:S30,T05,1,6.19,0.45750725,0.54249275
DEAP:S30:T07,DEAP:S30,T07,0,4.05,0.48271084,0.51728916
DEAP:S30:T09,DEAP:S30,T09,1,7.08,0.47865975,0.52134025
DEAP:S30:T13,DEAP:S30,T13,0,4.04,0.5319949,0.46800515
DEAP:S30:T15,DEAP:S30,T15,1,5.01,0.5611537,0.43884635
DEAP:S30:T18,DEAP:S30,T18,1,7.05,0.44691315,0.5530869
DEAP:S30:T19,DEAP:S30,T19,1,8.27,0.45817816,0.54182184
DEAP:S30:T22,DEAP:S30,T22,0,4.05,0.44924682,0.5507532
DEAP:S30:T24,DEAP:S30,T24,1,5.99,0.5308401,0.4691599
DEAP:S30:T27,DEAP:S30,T27,1,8.01,0.50928,0.49071997
DEAP:S30:T28,DEAP:S30,T28,1,5.06,0.5114477,0.4885523
DEAP:S30:T29,DEAP:S30,T29,1,7.23,0.4573649,0.5426351
DEAP:S30:T30,DEAP:S30,T30,0,4.04,0.44895566,0.55104434
DEAP:S30:T36,DEAP:S30,T36,0,4.03,0.47995308,0.52004695
DEAP:S32:T05,DEAP:S32,T05,1,7.15,0.4595435,0.5404565
DEAP:S32:T07,DEAP:S32,T07,0,4.94,0.34322625,0.6567737
DEAP:S32:T09,DEAP:S32,T09,1,7.86,0.40036696,0.59963304
DEAP:S32:T13,DEAP:S32,T13,1,7.09,0.24039738,0.75960267
DEAP:S32:T15,DEAP:S32,T15,1,5.01,0.36072242,0.6392776
DEAP:S32:T18,DEAP:S32,T18,1,8.03,0.31595382,0.6840462
DEAP:S32:T19,DEAP:S32,T19,1,8.24,0.3631732,0.6368269
DEAP:S32:T22,DEAP:S32,T22,0,4.15,0.34180424,0.6581958
DEAP:S32:T24,DEAP:S32,T24,0,1.0,0.35841492,0.64158505
DEAP:S32:T28,DEAP:S32,T28,1,6.03,0.2645499,0.7354501
DEAP:S32:T29,DEAP:S32,T29,0,4.09,0.42282158,0.5771784
DEAP:S32:T30,DEAP:S32,T30,0,1.0,0.44580615,0.55419385
DEAP:S32:T32,DEAP:S32,T32,0,3.87,0.3043164,0.69568354
DEAP:S32:T36,DEAP:S32,T36,0,3.91,0.5060958,0.49390414
