trial_id,subject_id,material_key,original_label,label,role,p0,p1,p2
SEEDIV:S02:R1:T01,SEEDIV:S02,1:T01,1,1,train,0.05836857407050615,0.8740660398196638,0.06756538610983026
SEEDIV:S02:R1:T04,SEEDIV:S02,1:T04,0,0,train,0.5205130157461525,0.37292592917416106,0.10656105507968645
SEEDIV:S02:R1:T05,SEEDIV:S02,1:T05,2,1,train,0.012204117625212719,0.9675455217768398,0.020250360597947537
SEEDIV:S02:R1:T07,SEEDIV:S02,1:T07,0,0,train,0.3840351665822809,0.4825102637600894,0.1334545696576296
SEEDIV:S02:R1:T13,SEEDIV:S02,1:T13,1,1,train,0.13689598333859157,0.7218308238214759,0.14127319283993262
SEEDIV:S02:R1:T14,SEEDIV:S02,1:T14,1,1,train,0.03256932695672639,0.7944328645453267,0.1729978084979469
SEEDIV:S02:R1:T15,SEEDIV:S02,1:T15,2,1,train,0.012611018146389463,0.9497397780898875,0.03764920376372305
SEEDIV:S02:R1:T17,SEEDIV:S02,1:T17,2,1,train,0.01005258239263222,0.9366894724592563,0.05325794514811161
SEEDIV:S02:R1:T19,SEEDIV:S02,1:T19,3,2,train,0.014441439713556325,0.059826823495080075,0.9257317367913637
SEEDIV:S02:R1:T22,SEEDIV:S02,1:T22,3,2,train,0.06984224213742417,0.29409950138672375,0.6360582564758521
SEEDIV:S02:R1:T23,SEEDIV:S02,1:T23,0,0,train,0.7536873833294172,0.1330574266621081,0.11325519000847478
SEEDIV:S02:R1:T24,SEEDIV:S02,1:T24,3,2,train,0.008046016647316188,0.04305605549987245,0.9488979278528115
SEEDIV:S03:R1:T01,SEEDIV:S03,1:T01,1,1,train,0.024893751544171595,0.780263315315445,0.19484293314038345
SEEDIV:S03:R1:T04,SEEDIV:S03,1:T04,0,0,train,0.8522270448051249,0.0893284066955033,0.058444548499371744
SEEDIV:S03:R1:T05,SEEDIV:S03,1:T05,2,1,train,0.036261817594948995,0.8783219552478446,0.08541622715720659
SEEDIV:S03:R1:T07,SEEDIV:S03,1:T07,0,0,train,0.9595337973374275,0.025848667735197093,0.01461753492737531
SEEDIV:S03:R1:T13,SEEDIV:S03,1:T13,1,1,train,0.00976327763626504,0.9584435778409929,0.0317931445227421
SEEDIV:S03:R1:T14,SEEDIV:S03,1:T14,1,1,train,0.09545620467373547,0.7291067882829242,0.17543700704334028
SEEDIV:S03:R1:T15,SEEDIV:S03,1:T15,2,1,train,0.03811708987549739,0.9239167049850369,0.037966205139465845
SEEDIV:S03:R1:T17,SEEDIV:S03,1:T17,2,1,train,0.015008003120910364,0.9244016850319121,0.06059031184717749
SEEDIV:S03:R1:T19,SEEDIV:S03,1:T19,3,2,train,0.014491497062367764,0.07205837270099685,0.9134501302366355
SEEDIV:S03:R1:T22,SEEDIV:S03,1:T22,3,2,train,0.010228174820358288,0.03138153971452446,0.9583902854651173
SEEDIV:S03:R1:T23,SEEDIV:S03,1:T23,0,0,train,0.8833406133876228,0.07175163981974796,0.044907746792629176
SEEDIV:S03:R1:T24,SEEDIV:S03,1:T24,3,2,train,0.013488658574733373,0.06508268882470013,0.9214286526005665
SEEDIV:S05:R1:T01,SEEDIV:S05,1:T01,1,1,train,0.1501456912086511,0.5799317907243953,0.26992251806695355
SEEDIV:S05:R1:T04,SEEDIV:S05,1:T04,0,0,train,0.8983063193466428,0.03717798934613521,0.06451569130722178
SEEDIV:S05:R1:T05,SEEDIV:S05,1:T05,2,1,train,0.04339760103345148,0.8650028809054162,0.09159951806113222
SEEDIV:S05:R1:T07,SEEDIV:S05,1:T07,0,0,train,0.8413729406043686,0.09712865349821448,0.06149840589741699
SEEDIV:S05:R1:T13,SEEDIV:S05,1:T13,1,1,train,0.0439320678339408,0.817403219453007,0.13866471271305222
SEEDIV:S05:R1:T14,SEEDIV:S05,1:T14,1,1,train,0.0056712234187885745,0.968776137028429,0.02555263955278249
SEEDIV:S05:R1:T15,SEEDIV:S05,1:T15,2,1,train,0.06262132908585019,0.8763993784545221,0.060979292459627604
SEEDIV:S05:R1:T17,SEEDIV:S05,1:T17,2,1,train,0.033229047321701996,0.8676793668179844,0.09909158586031351
SEEDIV:S05:R1:T19,SEEDIV:S05,1:T19,3,2,train,5.934852245170679e-08,5.0547280471882875e-08,0.9999998901041972
SEEDIV:S05:R1:T22,SEEDIV:S05,1:T22,3,2,train,0.01886055489208024,0.08960153572978594,0.8915379093781338
SEEDIV:S05:R1:T23,SEEDIV:S05,1:T23,0,0,train,6.343714000835003e-05,0.0017624320469773638,0.9981741308130144
SEEDIV:S05:R1:T24,SEEDIV:S05,1:T24,3,2,train,0.16968266891409858,0.38777529561341917,0.44254203547248233
SEEDIV:S06:R1:T01,SEEDIV:S06,1:T01,1,1,train,0.08745934724918913,0.8029175465859877,0.10962310616482315
SEEDIV:S06:R1:T04,SEEDIV:S06,1:T04,0,0,train,0.9728026023270445,0.01780059834706504,0.009396799325890286
SEEDIV:S06:R1:T05,SEEDIV:S06,1:T05,2,1,train,0.2757596301052778,0.6017969459449728,0.12244342394974939
SEEDIV:S06:R1:T07,SEEDIV:S06,1:T07,0,0,train,0.7160124947869221,0.2242178628263252,0.0597696423867528
SEEDIV:S06:R1:T13,SEEDIV:S06,1:T13,1,1,train,0.045078694214720806,0.9188816999413719,0.0360396058439072
SEEDIV:S06:R1:T14,SEEDIV:S06,1:T14,1,1,train,0.027837737964539016,0.9343960456863107,0.03776621634915016
SEEDIV:S06:R1:T15,SEEDIV:S06,1:T15,2,1,train,0.002714638902412057,0.9911644265623538,0.006120934535234133
SEEDIV:S06:R1:T17,SEEDIV:S06,1:T17,2,1,train,0.045921951254121525,0.9067385178240581,0.04733953092182032
SEEDIV:S06:R1:T19,SEEDIV:S06,1:T19,3,2,train,0.02164887203358026,0.4276208728750821,0.5507302550913377
SEEDIV:S06:R1:T22,SEEDIV:S06,1:T22,3,2,train,0.016987069758553464,0.31613983614672725,0.6668730940947194
SEEDIV:S06:R1:T23,SEEDIV:S06,1:T23,0,0,train,0.8007345647972891,0.14512076340951857,0.05414467179319232
SEEDIV:S06:R1:T24,SEEDIV:S06,1:T24,3,2,train,0.008440903723016228,0.02721849433569263,0.9643406019412912
SEEDIV:S08:R1:T01,SEEDIV:S08,1:T01,1,1,train,0.012000572779706113,0.954716502861835,0.033282924358458935
SEEDIV:S08:R1:T04,SEEDIV:S08,1:T04,0,0,train,0.6805714466603031,0.21836724777037633,0.10106130556932043
SEEDIV:S08:R1:T05,SEEDIV:S08,1:T05,2,1,train,0.008895493854169705,0.9595989047307388,0.03150560141509143
SEEDIV:S08:R1:T07,SEEDIV:S08,1:T07,0,0,train,0.5482638642033181,0.3936755748357324,0.0580605609609495
SEEDIV:S08:R1:T13,SEEDIV:S08,1:T13,1,1,train,0.249423129979206,0.6587772950144692,0.09179957500632474
SEEDIV:S08:R1:T14,SEEDIV:S08,1:T14,1,1,train,0.010700951006099508,0.9275201990250278,0.061778849968872805
SEEDIV:S08:R1:T15,SEEDIV:S08,1:T15,2,1,train,0.0077236202388123116,0.9731607966619292,0.019115583099258506
SEEDIV:S08:R1:T17,SEEDIV:S08,1:T17,2,1,train,0.006870939930082794,0.9717068576428401,0.021422202427076993
SEEDIV:S08:R1:T19,SEEDIV:S08,1:T19,3,2,train,0.034589968645114696,0.23746940151360466,0.7279406298412806
SEEDIV:S08:R1:T22,SEEDIV:S08,1:T22,3,2,train,0.020036016254949388,0.11869930819338506,0.8612646755516656
SEEDIV:S08:R1:T23,SEEDIV:S08,1:T23,0,0,train,0.8600551715722059,0.09641310581859226,0.043531722609201934
SEEDIV:S08:R1:T24,SEEDIV:S08,1:T24,3,2,train,0.01661244929312588,0.05039276797199066,0.9329947827348836
SEEDIV:S11:R1:T01,SEEDIV:S11,1:T01,1,1,train,0.012424618803265019,0.924651218625257,0.06292416257147805
SEEDIV:S11:R1:T04,SEEDIV:S11,1:T04,0,0,train,0.8231117375751221,0.11931955055948093,0.05756871186539695
SEEDIV:S11:R1:T05,SEEDIV:S11,1:T05,2,1,train,0.09757110330736474,0.8270083060067626,0.07542059068587278
SEEDIV:S11:R1:T07,SEEDIV:S11,1:T07,0,0,train,0.8736389112586631,0.09202662681587981,0.03433446192545709
SEEDIV:S11:R1:T13,SEEDIV:S11,1:T13,1,1,train,0.007596448055257821,0.9667582912750544,0.025645260669687794
SEEDIV:S11:R1:T14,SEEDIV:S11,1:T14,1,1,train,0.028204424629474298,0.9379272868761653,0.03386828849436045
SEEDIV:S11:R1:T15,SEEDIV:S11,1:T15,2,1,train,0.004926520252142229,0.9688513777785592,0.02622210196929848
SEEDIV:S11:R1:T17,SEEDIV:S11,1:T17,2,1,train,0.01613143679973901,0.937625047225108,0.046243515975153034
SEEDIV:S11:R1:T19,SEEDIV:S11,1:T19,3,2,train,0.010332767763059905,0.105152715991369,0.8845145162455712
SEEDIV:S11:R1:T22,SEEDIV:S11,1:T22,3,2,train,0.15173126148595845,0.18532948184284437,0.6629392566711972
SEEDIV:S11:R1:T23,SEEDIV:S11,1:T23,0,0,train,0.6250764105109473,0.3039412706186909,0.07098231887036191
SEEDIV:S11:R1:T24,SEEDIV:S11,1:T24,3,2,train,0.03021699055082529,0.09886213331723642,0.8709208761319382
SEEDIV:S12:R1:T01,SEEDIV:S12,1:T01,1,1,train,0.18149075547264712,0.7665561467838843,0.0519530977434686
SEEDIV:S12:R1:T04,SEEDIV:S12,1:T04,0,0,train,0.5604646112965729,0.2501371198390712,0.18939826886435582
SEEDIV:S12:R1:T05,SEEDIV:S12,1:T05,2,1,train,0.20796393099622615,0.6259452860696791,0.1660907829340946
SEEDIV:S12:R1:T07,SEEDIV:S12,1:T07,0,0,train,0.4534662206148287,0.39232168170394255,0.15421209768122862
SEEDIV:S12:R1:T13,SEEDIV:S12,1:T13,1,1,train,0.13394111212465853,0.7624195171224011,0.10363937075294043
SEEDIV:S12:R1:T14,SEEDIV:S12,1:T14,1,1,train,0.016209915707805632,0.9486839322989719,0.03510615199322239
SEEDIV:S12:R1:T15,SEEDIV:S12,1:T15,2,1,train,0.011682891576825201,0.9660112819889178,0.022305826434256867
SEEDIV:S12:R1:T17,SEEDIV:S12,1:T17,2,1,train,0.006091007818833302,0.973590854865178,0.020318137315988596
SEEDIV:S12:R1:T19,SEEDIV:S12,1:T19,3,2,train,0.015849047731159038,0.10312528108424439,0.8810256711845965
SEEDIV:S12:R1:T22,SEEDIV:S12,1:T22,3,2,train,0.007470475803362346,0.011710730197212865,0.9808187939994248
SEEDIV:S12:R1:T23,SEEDIV:S12,1:T23,0,0,train,0.7918006927712383,0.13397415712076918,0.07422515010799242
SEEDIV:S12:R1:T24,SEEDIV:S12,1:T24,3,2,train,0.022025495100830128,0.06665119510719647,0.9113233097919734
SEEDIV:S13:R1:T01,SEEDIV:S13,1:T01,1,1,train,0.04169045750417226,0.838363466537093,0.11994607595873477
SEEDIV:S13:R1:T04,SEEDIV:S13,1:T04,0,0,train,0.827492759039813,0.09201111178671638,0.0804961291734706
SEEDIV:S13:R1:T05,SEEDIV:S13,1:T05,2,1,train,0.016145447236822062,0.9512120528960528,0.03264249986712518
SEEDIV:S13:R1:T07,SEEDIV:S13,1:T07,0,0,train,0.5449368119583894,0.262901148779615,0.1921620392619956
SEEDIV:S13:R1:T13,SEEDIV:S13,1:T13,1,1,train,0.020324954228665454,0.8980122534837419,0.0816627922875927
SEEDIV:S13:R1:T14,SEEDIV:S13,1:T14,1,1,train,0.056393073742200275,0.5867680394615647,0.35683888679623493
SEEDIV:S13:R1:T15,SEEDIV:S13,1:T15,2,1,train,0.010689147564190125,0.9308429062577562,0.0584679461780537
SEEDIV:S13:R1:T17,SEEDIV:S13,1:T17,2,1,train,0.016846788707594578,0.8854386042701794,0.09771460702222615
SEEDIV:S13:R1:T19,SEEDIV:S13,1:T19,3,2,train,0.0020744592642809043,0.015552940304454718,0.9823726004312643
SEEDIV:S13:R1:T22,SEEDIV:S13,1:T22,3,2,train,0.018976106765722107,0.05322262071043184,0.9278012725238461
SEEDIV:S13:R1:T23,SEEDIV:S13,1:T23,0,0,train,0.6520682676289651,0.23571806608285387,0.1122136662881811
SEEDIV:S13:R1:T24,SEEDIV:S13,1:T24,3,2,train,0.05086842205593927,0.13905376853623758,0.810077809407823
SEEDIV:S15:R1:T01,SEEDIV:S15,1:T01,1,1,train,0.02022307343865151,0.7867602478186154,0.19301667874273304
SEEDIV:S15:R1:T04,SEEDIV:S15,1:T04,0,0,train,0.48247420499279675,0.3414035845498799,0.1761222104573234
SEEDIV:S15:R1:T05,SEEDIV:S15,1:T05,2,1,train,0.06388845834303254,0.870616720221895,0.06549482143507251
SEEDIV:S15:R1:T07,SEEDIV:S15,1:T07,0,0,train,0.8644851076417853,0.08585046162022324,0.04966443073799144
SEEDIV:S15:R1:T13,SEEDIV:S15,1:T13,1,1,train,0.023385931333383098,0.9056747316314722,0.07093933703514473
SEEDIV:S15:R1:T14,SEEDIV:S15,1:T14,1,1,train,0.014804654506390106,0.904248341049118,0.08094700444449196
SEEDIV:S15:R1:T15,SEEDIV:S15,1:T15,2,1,train,0.014239931668878205,0.9242258851486176,0.06153418318250422
SEEDIV:S15:R1:T17,SEEDIV:S15,1:T17,2,1,train,0.014426528937015754,0.8358296320847944,0.14974383897818985
SEEDIV:S15:R1:T19,SEEDIV:S15,1:T19,3,2,train,0.005176372716199592,0.023654121987465727,0.9711695052963347
SEEDIV:S15:R1:T22,SEEDIV:S15,1:T22,3,2,train,0.16032081715910967,0.12444031536505142,0.715238867475839
SEEDIV:S15:R1:T23,SEEDIV:S15,1:T23,0,0,train,0.7384144038520387,0.15815650979897503,0.10342908634898644
SEEDIV:S15:R1:T24,SEEDIV:S15,1:T24,3,2,train,0.008508761403375812,0.025016258432906318,0.9664749801637179
