trial_id,subject_id,material_key,label,original_label,group,source_session,material_rotation,fold,arm,model,role,p0,p1
DEAP:S01:T01,DEAP:S01,T01,1,7.71,2,1,4,4,exposed,stimulus_relative_context,train,0.265226570035461,0.734773429964539
DEAP:S01:T02,DEAP:S01,T02,1,8.1,2,1,4,4,exposed,stimulus_relative_context,train,0.2579954094327801,0.7420045905672199
DEAP:S01:T03,DEAP:S01,T03,1,8.58,2,1,4,4,exposed,stimulus_relative_context,train,0.24785693141775855,0.7521430685822414
DEAP:S01:T05,DEAP:S01,T05,1,6.96,2,1,4,4,exposed,stimulus_relative_context,train,0.27834215488235325,0.7216578451176467
DEAP:S01:T10,DEAP:S01,T10,0,1.99,2,1,4,4,exposed,stimulus_relative_context,train,0.39642902001790126,0.6035709799820987
DEAP:S01:T12,DEAP:S01,T12,0,2.71,2,1,4,4,exposed,stimulus_relative_context,train,0.27632262016801523,0.7236773798319848
DEAP:S01:T19,DEAP:S01,T19,1,7.17,2,1,4,4,exposed,stimulus_relative_context,train,0.22457759652888443,0.7754224034711156
DEAP:S01:T23,DEAP:S01,T23,1,8.15,2,1,4,4,exposed,stimulus_relative_context,train,0.7536659691355811,0.2463340308644188
DEAP:S01:T24,DEAP:S01,T24,1,7.04,2,1,4,4,exposed,stimulus_relative_context,train,0.6697559587541235,0.3302440412458764
DEAP:S01:T26,DEAP:S01,T26,1,7.28,2,1,4,4,exposed,stimulus_relative_context,train,0.4671503266855097,0.5328496733144903
DEAP:S01:T28,DEAP:S01,T28,0,3.88,2,1,4,4,exposed,stimulus_relative_context,train,0.4821304391199214,0.5178695608800786
DEAP:S01:T30,DEAP:S01,T30,0,2.08,2,1,4,4,exposed,stimulus_relative_context,train,0.7242781731501625,0.2757218268498375
DEAP:S01:T31,DEAP:S01,T31,0,3.03,2,1,4,4,exposed,stimulus_relative_context,train,0.5371588886193094,0.4628411113806906
DEAP:S01:T33,DEAP:S01,T33,0,3.81,2,1,4,4,exposed,stimulus_relative_context,train,0.4885523181015886,0.5114476818984114
DEAP:S01:T34,DEAP:S01,T34,0,2.28,2,1,4,4,exposed,stimulus_relative_context,train,0.65351771235716,0.34648228764284
DEAP:S01:T39,DEAP:S01,T39,0,3.24,2,1,4,4,exposed,stimulus_relative_context,train,0.43240604071323374,0.5675939592867663
DEAP:S02:T01,DEAP:S02,T01,1,9.0,2,1,4,4,exposed,stimulus_relative_context,train,0.3004675606312823,0.6995324393687177
DEAP:S02:T02,DEAP:S02,T02,1,8.01,2,1,4,4,exposed,stimulus_relative_context,train,0.3103705973611247,0.6896294026388753
DEAP:S02:T03,DEAP:S02,T03,1,9.0,2,1,4,4,exposed,stimulus_relative_context,train,0.3343453905381617,0.6656546094618383
DEAP:S02:T05,DEAP:S02,T05,1,5.04,2,1,4,4,exposed,stimulus_relative_context,train,0.3879422242230406,0.6120577757769594
DEAP:S02:T10,DEAP:S02,T10,0,4.99,2,1,4,4,exposed,stimulus_relative_context,train,0.42933049399830325,0.5706695060016967
DEAP:S02:T12,DEAP:S02,T12,1,8.01,2,1,4,4,exposed,stimulus_relative_context,train,0.3132335971076228,0.6867664028923772
DEAP:S02:T19,DEAP:S02,T19,1,9.0,2,1,4,4,exposed,stimulus_relative_context,train,0.23478338328281134,0.7652166167171887
DEAP:S02:T23,DEAP:S02,T23,0,1.0,2,1,4,4,exposed,stimulus_relative_context,train,0.7757174045499609,0.2242825954500392
DEAP:S02:T24,DEAP:S02,T24,1,7.08,2,1,4,4,exposed,stimulus_relative_context,train,0.7480118044834507,0.2519881955165492
DEAP:S02:T26,DEAP:S02,T26,1,9.0,2,1,4,4,exposed,stimulus_relative_context,train,0.541833618989356,0.458166381010644
DEAP:S02:T28,DEAP:S02,T28,0,4.06,2,1,4,4,exposed,stimulus_relative_context,train,0.4919133545662885,0.5080866454337115
DEAP:S02:T30,DEAP:S02,T30,0,2.01,2,1,4,4,exposed,stimulus_relative_context,train,0.7525439584274919,0.24745604157250808
DEAP:S02:T31,DEAP:S02,T31,0,4.06,2,1,4,4,exposed,stimulus_relative_context,train,0.6411843502191998,0.3588156497808002
DEAP:S02:T34,DEAP:S02,T34,0,4.87,2,1,4,4,exposed,stimulus_relative_context,train,0.6612766387126331,0.3387233612873669
DEAP:S03:T01,DEAP:S03,T01,1,5.33,2,1,4,4,exposed,stimulus_relative_context,train,0.28107209487290097,0.718927905127099
DEAP:S03:T02,DEAP:S03,T02,1,7.21,2,1,4,4,exposed,stimulus_relative_context,train,0.3359148730167222,0.6640851269832778
DEAP:S03:T03,DEAP:S03,T03,1,7.55,2,1,4,4,exposed,stimulus_relative_context,train,0.37406714614824366,0.6259328538517563
DEAP:S03:T05,DEAP:S03,T05,1,6.92,2,1,4,4,exposed,stimulus_relative_context,train,0.40938161162701747,0.5906183883729825
DEAP:S03:T10,DEAP:S03,T10,0,4.45,2,1,4,4,exposed,stimulus_relative_context,train,0.4433525758145732,0.5566474241854268
DEAP:S03:T12,DEAP:S03,T12,1,6.36,2,1,4,4,exposed,stimulus_relative_context,train,0.3577646418740992,0.6422353581259008
DEAP:S03:T19,DEAP:S03,T19,1,8.14,2,1,4,4,exposed,stimulus_relative_context,train,0.33611675301963273,0.6638832469803673
DEAP:S03:T23,DEAP:S03,T23,0,3.65,2,1,4,4,exposed,stimulus_relative_context,train,0.7594951662751133,0.24050483372488676
DEAP:S03:T24,DEAP:S03,T24,0,3.31,2,1,4,4,exposed,stimulus_relative_context,train,0.7581279267236644,0.24187207327633564
DEAP:S03:T28,DEAP:S03,T28,1,5.59,2,1,4,4,exposed,stimulus_relative_context,train,0.45063529073268493,0.5493647092673151
DEAP:S03:T30,DEAP:S03,T30,0,3.87,2,1,4,4,exposed,stimulus_relative_context,train,0.7676643265288537,0.23233567347114628
DEAP:S03:T31,DEAP:S03,T31,0,4.44,2,1,4,4,exposed,stimulus_relative_context,train,0.6484447061618106,0.3515552938381894
DEAP:S03:T39,DEAP:S03,T39,0,4.33,2,1,4,4,exposed,stimulus_relative_context,train,0.488439667612125,0.511560332387875
DEAP:S04:T01,DEAP:S04,T01,1,6.68,2,1,4,4,exposed,stimulus_relative_context,train,0.4121351044775807,0.5878648955224193
DEAP:S04:T03,DEAP:S04,T03,1,8.95,2,1,4,4,exposed,stimulus_relative_context,train,0.39545346885698507,0.6045465311430149
DEAP:S04:T05,DEAP:S04,T05,0,4.06,2,1,4,4,exposed,stimulus_relative_context,train,0.4540250210372425,0.5459749789627575
DEAP:S04:T10,DEAP:S04,T10,0,3.15,2,1,4,4,exposed,stimulus_relative_context,train,0.5483463983430328,0.4516536016569672
DEAP:S04:T12,DEAP:S04,T12,1,5.04,2,1,4,4,exposed,stimulus_relative_context,train,0.47099407351858225,0.5290059264814178
DEAP:S04:T19,DEAP:S04,T19,1,7.09,2,1,4,4,exposed,stimulus_relative_context,train,0.28593228305733565,0.7140677169426644
DEAP:S04:T23,DEAP:S04,T23,0,1.86,2,1,4,4,exposed,stimulus_relative_context,train,0.8256246675462793,0.1743753324537207
DEAP:S04:T24,DEAP:S04,T24,0,2.71,2,1,4,4,exposed,stimulus_relative_context,train,0.7762854697903299,0.2237145302096701
DEAP:S04:T26,DEAP:S04,T26,1,6.0,2,1,4,4,exposed,stimulus_relative_context,train,0.6488338244670979,0.351166175532902
DEAP:S04:T28,DEAP:S04,T28,0,2.17,2,1,4,4,exposed,stimulus_relative_context,train,0.5865345134298662,0.4134654865701338
DEAP:S04:T30,DEAP:S04,T30,0,3.1,2,1,4,4,exposed,stimulus_relative_context,train,0.8224814670363882,0.17751853296361172
DEAP:S04:T31,DEAP:S04,T31,0,2.01,2,1,4,4,exposed,stimulus_relative_context,train,0.6583633395742712,0.3416366604257289
DEAP:S04:T34,DEAP:S04,T34,0,2.17,2,1,4,4,exposed,stimulus_relative_context,train,0.7679971000798596,0.2320028999201405
DEAP:S04:T39,DEAP:S04,T39,0,1.92,2,1,4,4,exposed,stimulus_relative_context,train,0.5904354268395776,0.4095645731604224
DEAP:S05:T01,DEAP:S05,T01,1,6.97,2,1,4,4,exposed,stimulus_relative_context,train,0.3007297212002147,0.6992702787997853
DEAP:S05:T02,DEAP:S05,T02,1,9.0,2,1,4,4,exposed,stimulus_relative_context,train,0.2745893829983219,0.7254106170016781
DEAP:S05:T03,DEAP:S05,T03,0,4.95,2,1,4,4,exposed,stimulus_relative_context,train,0.33950118627198234,0.6604988137280177
DEAP:S05:T05,DEAP:S05,T05,0,3.04,2,1,4,4,exposed,stimulus_relative_context,train,0.34510387455442315,0.6548961254455768
DEAP:S05:T10,DEAP:S05,T10,0,3.03,2,1,4,4,exposed,stimulus_relative_context,train,0.5295646955814879,0.47043530441851217
DEAP:S05:T12,DEAP:S05,T12,1,7.08,2,1,4,4,exposed,stimulus_relative_context,train,0.3638505960845885,0.6361494039154115
DEAP:S05:T19,DEAP:S05,T19,1,8.03,2,1,4,4,exposed,stimulus_relative_context,train,0.2663272786634938,0.7336727213365062
DEAP:S05:T24,DEAP:S05,T24,0,4.0,2,1,4,4,exposed,stimulus_relative_context,train,0.7563001820582604,0.2436998179417395
DEAP:S05:T26,DEAP:S05,T26,1,7.96,2,1,4,4,exposed,stimulus_relative_context,train,0.5153205307750754,0.4846794692249245
DEAP:S05:T28,DEAP:S05,T28,0,3.9,2,1,4,4,exposed,stimulus_relative_context,train,0.550594393138736,0.44940560686126396
DEAP:S05:T30,DEAP:S05,T30,0,2.94,2,1,4,4,exposed,stimulus_relative_context,train,0.734436504340958,0.26556349565904197
DEAP:S05:T31,DEAP:S05,T31,1,6.9,2,1,4,4,exposed,stimulus_relative_context,train,0.6659353562834575,0.33406464371654254
DEAP:S05:T33,DEAP:S05,T33,1,5.17,2,1,4,4,exposed,stimulus_relative_context,train,0.576400763150756,0.423599236849244
DEAP:S05:T34,DEAP:S05,T34,1,6.03,2,1,4,4,exposed,stimulus_relative_context,train,0.7079867032865218,0.2920132967134782
DEAP:S05:T39,DEAP:S05,T39,0,1.0,2,1,4,4,exposed,stimulus_relative_context,train,0.5502428823086126,0.4497571176913874
DEAP:S06:T01,DEAP:S06,T01,1,8.19,2,1,4,4,exposed,stimulus_relative_context,train,0.25252409863921665,0.7474759013607833
DEAP:S06:T02,DEAP:S06,T02,1,6.83,2,1,4,4,exposed,stimulus_relative_context,train,0.240348539238598,0.759651460761402
DEAP:S06:T03,DEAP:S06,T03,1,7.69,2,1,4,4,exposed,stimulus_relative_context,train,0.27560843567364146,0.7243915643263585
DEAP:S06:T05,DEAP:S06,T05,1,7.01,2,1,4,4,exposed,stimulus_relative_context,train,0.30350679431482785,0.6964932056851721
DEAP:S06:T10,DEAP:S06,T10,1,7.37,2,1,4,4,exposed,stimulus_relative_context,train,0.4185892015799906,0.5814107984200094
DEAP:S06:T12,DEAP:S06,T12,1,7.17,2,1,4,4,exposed,stimulus_relative_context,train,0.2598485249447562,0.7401514750552438
DEAP:S06:T19,DEAP:S06,T19,1,7.41,2,1,4,4,exposed,stimulus_relative_context,train,0.20504558569325415,0.7949544143067458
DEAP:S06:T23,DEAP:S06,T23,0,3.47,2,1,4,4,exposed,stimulus_relative_context,train,0.7062977104762005,0.29370228952379945
DEAP:S06:T24,DEAP:S06,T24,0,3.5,2,1,4,4,exposed,stimulus_relative_context,train,0.5791396907875981,0.4208603092124019
DEAP:S06:T26,DEAP:S06,T26,1,5.08,2,1,4,4,exposed,stimulus_relative_context,train,0.41329321703305233,0.5867067829669477
DEAP:S06:T28,DEAP:S06,T28,1,6.42,2,1,4,4,exposed,stimulus_relative_context,train,0.46193078865446147,0.5380692113455385
DEAP:S06:T30,DEAP:S06,T30,1,6.99,2,1,4,4,exposed,stimulus_relative_context,train,0.7205954795621587,0.2794045204378412
DEAP:S06:T31,DEAP:S06,T31,0,3.65,2,1,4,4,exposed,stimulus_relative_context,train,0.5340584749783199,0.46594152502168007
DEAP:S06:T33,DEAP:S06,T33,1,6.68,2,1,4,4,exposed,stimulus_relative_context,train,0.49002588709761985,0.5099741129023802
DEAP:S06:T34,DEAP:S06,T34,0,3.31,2,1,4,4,exposed,stimulus_relative_context,train,0.6037957118324752,0.39620428816752484
DEAP:S06:T39,DEAP:S06,T39,1,6.56,2,1,4,4,exposed,stimulus_relative_context,train,0.41101823405836824,0.5889817659416318
DEAP:S07:T01,DEAP:S07,T01,1,8.1,2,1,4,4,exposed,stimulus_relative_context,train,0.21176367092510806,0.7882363290748919
DEAP:S07:T02,DEAP:S07,T02,1,7.15,2,1,4,4,exposed,stimulus_relative_context,train,0.15746083005285672,0.8425391699471433
DEAP:S07:T03,DEAP:S07,T03,1,7.1,2,1,4,4,exposed,stimulus_relative_context,train,0.19414241437761603,0.805857585622384
DEAP:S07:T05,DEAP:S07,T05,1,7.05,2,1,4,4,exposed,stimulus_relative_context,train,0.24793086668345699,0.752069133316543
DEAP:S07:T10,DEAP:S07,T10,1,7.09,2,1,4,4,exposed,stimulus_relative_context,train,0.3665555677424096,0.6334444322575904
DEAP:S07:T12,DEAP:S07,T12,1,6.99,2,1,4,4,exposed,stimulus_relative_context,train,0.23144468019565057,0.7685553198043494
DEAP:S07:T19,DEAP:S07,T19,1,6.99,2,1,4,4,exposed,stimulus_relative_context,train,0.15407351451864826,0.8459264854813517
DEAP:S07:T23,DEAP:S07,T23,0,3.01,2,1,4,4,exposed,stimulus_relative_context,train,0.6725076448277914,0.3274923551722087
DEAP:S07:T24,DEAP:S07,T24,0,1.97,2,1,4,4,exposed,stimulus_relative_context,train,0.5862269952815384,0.4137730047184616
DEAP:S07:T26,DEAP:S07,T26,0,2.0,2,1,4,4,exposed,stimulus_relative_context,train,0.3717141928881236,0.6282858071118764
DEAP:S07:T31,DEAP:S07,T31,1,6.96,2,1,4,4,exposed,stimulus_relative_context,train,0.5841342481880099,0.4158657518119902
DEAP:S07:T33,DEAP:S07,T33,0,4.97,2,1,4,4,exposed,stimulus_relative_context,train,0.41716622548523896,0.582833774514761
DEAP:S07:T39,DEAP:S07,T39,1,7.01,2,1,4,4,exposed,stimulus_relative_context,train,0.34417608523082643,0.6558239147691736
DEAP:S08:T01,DEAP:S08,T01,1,7.6,2,1,4,4,exposed,stimulus_relative_context,train,0.3696670695707257,0.6303329304292743
DEAP:S08:T02,DEAP:S08,T02,1,5.04,2,1,4,4,exposed,stimulus_relative_context,train,0.30071442105251656,0.6992855789474834
DEAP:S08:T03,DEAP:S08,T03,1,8.15,2,1,4,4,exposed,stimulus_relative_context,train,0.3588579678521808,0.6411420321478192
DEAP:S08:T05,DEAP:S08,T05,0,4.41,2,1,4,4,exposed,stimulus_relative_context,train,0.5780711297265655,0.4219288702734345
DEAP:S08:T10,DEAP:S08,T10,0,4.97,2,1,4,4,exposed,stimulus_relative_context,train,0.547418255671475,0.45258174432852505
DEAP:S08:T12,DEAP:S08,T12,1,8.47,2,1,4,4,exposed,stimulus_relative_context,train,0.43849897129731086,0.5615010287026891
DEAP:S08:T19,DEAP:S08,T19,1,5.04,2,1,4,4,exposed,stimulus_relative_context,train,0.2809282388627983,0.7190717611372017
DEAP:S08:T23,DEAP:S08,T23,0,3.59,2,1,4,4,exposed,stimulus_relative_context,train,0.8638336442916109,0.13616635570838911
DEAP:S08:T24,DEAP:S08,T24,0,4.15,2,1,4,4,exposed,stimulus_relative_context,train,0.8181059087560321,0.18189409124396788
DEAP:S08:T26,DEAP:S08,T26,0,4.99,2,1,4,4,exposed,stimulus_relative_context,train,0.700178260868936,0.29982173913106397
DEAP:S08:T28,DEAP:S08,T28,1,5.04,2,1,4,4,exposed,stimulus_relative_context,train,0.4608531597161445,0.5391468402838555
DEAP:S08:T30,DEAP:S08,T30,0,1.4,2,1,4,4,exposed,stimulus_relative_context,train,0.754023243462175,0.24597675653782505
DEAP:S08:T31,DEAP:S08,T31,0,1.45,2,1,4,4,exposed,stimulus_relative_context,train,0.7029731909466332,0.29702680905336676
DEAP:S08:T33,DEAP:S08,T33,0,4.44,2,1,4,4,exposed,stimulus_relative_context,train,0.6632162425235033,0.33678375747649664
DEAP:S08:T34,DEAP:S08,T34,1,5.05,2,1,4,4,exposed,stimulus_relative_context,train,0.7510159957309053,0.24898400426909467
DEAP:S08:T39,DEAP:S08,T39,1,5.05,2,1,4,4,exposed,stimulus_relative_context,train,0.5004648282547604,0.4995351717452396
DEAP:S11:T01,DEAP:S11,T01,1,6.27,2,1,4,4,exposed,stimulus_relative_context,train,0.3636549549569501,0.6363450450430499
DEAP:S11:T02,DEAP:S11,T02,1,5.67,2,1,4,4,exposed,stimulus_relative_context,train,0.3437207915486137,0.6562792084513863
DEAP:S11:T03,DEAP:S11,T03,1,7.41,2,1,4,4,exposed,stimulus_relative_context,train,0.3168879891722254,0.6831120108277746
DEAP:S11:T05,DEAP:S11,T05,1,7.41,2,1,4,4,exposed,stimulus_relative_context,train,0.40108802872121674,0.5989119712787833
DEAP:S11:T10,DEAP:S11,T10,1,6.53,2,1,4,4,exposed,stimulus_relative_context,train,0.4900239691491636,0.5099760308508364
DEAP:S11:T12,DEAP:S11,T12,1,5.04,2,1,4,4,exposed,stimulus_relative_context,train,0.3988053364218854,0.6011946635781146
DEAP:S11:T19,DEAP:S11,T19,1,5.54,2,1,4,4,exposed,stimulus_relative_context,train,0.26092820714431475,0.7390717928556853
DEAP:S11:T23,DEAP:S11,T23,0,3.72,2,1,4,4,exposed,stimulus_relative_context,train,0.8092946899342112,0.19070531006578884
DEAP:S11:T24,DEAP:S11,T24,0,2.88,2,1,4,4,exposed,stimulus_relative_context,train,0.7454490956934487,0.2545509043065512
DEAP:S11:T26,DEAP:S11,T26,1,5.49,2,1,4,4,exposed,stimulus_relative_context,train,0.64957502637676,0.35042497362324
DEAP:S11:T28,DEAP:S11,T28,0,4.26,2,1,4,4,exposed,stimulus_relative_context,train,0.637682774826821,0.36231722517317894
DEAP:S11:T30,DEAP:S11,T30,0,4.58,2,1,4,4,exposed,stimulus_relative_context,train,0.7708318155632158,0.2291681844367842
DEAP:S11:T31,DEAP:S11,T31,0,1.83,2,1,4,4,exposed,stimulus_relative_context,train,0.6701209690280432,0.3298790309719568
DEAP:S11:T33,DEAP:S11,T33,1,5.64,2,1,4,4,exposed,stimulus_relative_context,train,0.6279660372363182,0.37203396276368184
DEAP:S11:T34,DEAP:S11,T34,0,4.88,2,1,4,4,exposed,stimulus_relative_context,train,0.718300846863406,0.28169915313659405
DEAP:S11:T39,DEAP:S11,T39,0,1.0,2,1,4,4,exposed,stimulus_relative_context,train,0.46699496396109486,0.5330050360389051
DEAP:S14:T01,DEAP:S14,T01,1,8.22,2,1,4,4,exposed,stimulus_relative_context,train,0.3050872218005233,0.6949127781994767
DEAP:S14:T02,DEAP:S14,T02,1,6.05,2,1,4,4,exposed,stimulus_relative_context,train,0.3342846745157426,0.6657153254842574
DEAP:S14:T03,DEAP:S14,T03,1,7.5,2,1,4,4,exposed,stimulus_relative_context,train,0.3011962731994665,0.6988037268005335
DEAP:S14:T12,DEAP:S14,T12,1,7.63,2,1,4,4,exposed,stimulus_relative_context,train,0.4407853322437,0.5592146677563
DEAP:S14:T19,DEAP:S14,T19,1,7.55,2,1,4,4,exposed,stimulus_relative_context,train,0.25571178618641055,0.7442882138135894
DEAP:S14:T23,DEAP:S14,T23,0,2.41,2,1,4,4,exposed,stimulus_relative_context,train,0.7979037273588314,0.2020962726411686
DEAP:S14:T24,DEAP:S14,T24,0,2.36,2,1,4,4,exposed,stimulus_relative_context,train,0.7489031974151775,0.2510968025848225
DEAP:S14:T26,DEAP:S14,T26,0,3.28,2,1,4,4,exposed,stimulus_relative_context,train,0.5830693889095091,0.4169306110904909
DEAP:S14:T28,DEAP:S14,T28,0,2.53,2,1,4,4,exposed,stimulus_relative_context,train,0.5589568420163109,0.44104315798368915
DEAP:S14:T30,DEAP:S14,T30,0,1.1,2,1,4,4,exposed,stimulus_relative_context,train,0.8088166852034426,0.19118331479655737
DEAP:S14:T31,DEAP:S14,T31,0,3.26,2,1,4,4,exposed,stimulus_relative_context,train,0.6720946385634783,0.3279053614365217
DEAP:S14:T33,DEAP:S14,T33,0,3.18,2,1,4,4,exposed,stimulus_relative_context,train,0.5745934709233046,0.4254065290766954
DEAP:S14:T34,DEAP:S14,T34,0,2.5,2,1,4,4,exposed,stimulus_relative_context,train,0.7006009999372347,0.2993990000627653
DEAP:S14:T39,DEAP:S14,T39,1,6.65,2,1,4,4,exposed,stimulus_relative_context,train,0.5770744948393021,0.42292550516069793
DEAP:S15:T01,DEAP:S15,T01,1,8.9,2,1,4,4,exposed,stimulus_relative_context,train,0.2586227373438479,0.7413772626561521
DEAP:S15:T02,DEAP:S15,T02,1,5.04,2,1,4,4,exposed,stimulus_relative_context,train,0.33808846143760096,0.661911538562399
DEAP:S15:T03,DEAP:S15,T03,1,8.04,2,1,4,4,exposed,stimulus_relative_context,train,0.4019897690486224,0.5980102309513776
DEAP:S15:T05,DEAP:S15,T05,1,9.0,2,1,4,4,exposed,stimulus_relative_context,train,0.2531002226518524,0.7468997773481476
DEAP:S15:T10,DEAP:S15,T10,0,4.99,2,1,4,4,exposed,stimulus_relative_context,train,0.5574470944565446,0.44255290554345533
DEAP:S15:T12,DEAP:S15,T12,1,7.08,2,1,4,4,exposed,stimulus_relative_context,train,0.3523243781225148,0.6476756218774852
DEAP:S15:T19,DEAP:S15,T19,1,7.04,2,1,4,4,exposed,stimulus_relative_context,train,0.23734436802518155,0.7626556319748184
DEAP:S15:T23,DEAP:S15,T23,0,3.05,2,1,4,4,exposed,stimulus_relative_context,train,0.81104402929116,0.1889559707088399
DEAP:S15:T24,DEAP:S15,T24,0,1.92,2,1,4,4,exposed,stimulus_relative_context,train,0.7516825251177479,0.24831747488225203
DEAP:S15:T28,DEAP:S15,T28,0,4.01,2,1,4,4,exposed,stimulus_relative_context,train,0.5738741328352159,0.4261258671647841
DEAP:S15:T33,DEAP:S15,T33,0,3.01,2,1,4,4,exposed,stimulus_relative_context,train,0.6354518902479842,0.36454810975201585
DEAP:S15:T34,DEAP:S15,T34,0,3.01,2,1,4,4,exposed,stimulus_relative_context,train,0.7220590255084904,0.2779409744915096
DEAP:S15:T39,DEAP:S15,T39,0,4.0,2,1,4,4,exposed,stimulus_relative_context,train,0.590626238414967,0.40937376158503297
DEAP:S16:T01,DEAP:S16,T01,0,2.51,2,1,4,4,exposed,stimulus_relative_context,train,0.441041641448224,0.558958358551776
DEAP:S16:T02,DEAP:S16,T02,1,6.45,2,1,4,4,exposed,stimulus_relative_context,train,0.3420601191901371,0.6579398808098629
DEAP:S16:T03,DEAP:S16,T03,1,6.74,2,1,4,4,exposed,stimulus_relative_context,train,0.30590323460944535,0.6940967653905546
DEAP:S16:T10,DEAP:S16,T10,1,5.14,2,1,4,4,exposed,stimulus_relative_context,train,0.5530804851701849,0.44691951482981507
DEAP:S16:T19,DEAP:S16,T19,0,2.86,2,1,4,4,exposed,stimulus_relative_context,train,0.35917500867337193,0.6408249913266281
DEAP:S16:T23,DEAP:S16,T23,0,3.9,2,1,4,4,exposed,stimulus_relative_context,train,0.8627209514312182,0.13727904856878184
DEAP:S16:T24,DEAP:S16,T24,0,2.51,2,1,4,4,exposed,stimulus_relative_context,train,0.8296094625977053,0.1703905374022947
DEAP:S16:T26,DEAP:S16,T26,0,1.82,2,1,4,4,exposed,stimulus_relative_context,train,0.6678673596606161,0.33213264033938394
DEAP:S16:T28,DEAP:S16,T28,0,2.85,2,1,4,4,exposed,stimulus_relative_context,train,0.6473042785813786,0.3526957214186214
DEAP:S16:T31,DEAP:S16,T31,0,3.88,2,1,4,4,exposed,stimulus_relative_context,train,0.7409651232431802,0.25903487675681985
DEAP:S16:T33,DEAP:S16,T33,0,1.0,2,1,4,4,exposed,stimulus_relative_context,train,0.7078465598592992,0.29215344014070077
DEAP:S16:T34,DEAP:S16,T34,0,1.0,2,1,4,4,exposed,stimulus_relative_context,train,0.7026099739701949,0.29739002602980513
DEAP:S16:T39,DEAP:S16,T39,1,6.13,2,1,4,4,exposed,stimulus_relative_context,train,0.5911906951282737,0.40880930487172623
DEAP:S17:T01,DEAP:S17,T01,0,4.05,2,1,4,4,exposed,stimulus_relative_context,train,0.2781670975466809,0.7218329024533191
DEAP:S17:T02,DEAP:S17,T02,1,7.26,2,1,4,4,exposed,stimulus_relative_context,train,0.3397848015253129,0.6602151984746871
DEAP:S17:T03,DEAP:S17,T03,1,6.46,2,1,4,4,exposed,stimulus_relative_context,train,0.3873690385541346,0.6126309614458654
DEAP:S17:T05,DEAP:S17,T05,1,7.05,2,1,4,4,exposed,stimulus_relative_context,train,0.4558378909066385,0.5441621090933615
DEAP:S17:T10,DEAP:S17,T10,1,6.09,2,1,4,4,exposed,stimulus_relative_context,train,0.5205889518814582,0.47941104811854185
DEAP:S17:T12,DEAP:S17,T12,1,5.96,2,1,4,4,exposed,stimulus_relative_context,train,0.41796411729101346,0.5820358827089865
DEAP:S17:T19,DEAP:S17,T19,1,7.27,2,1,4,4,exposed,stimulus_relative_context,train,0.3175955322252455,0.6824044677747545
DEAP:S17:T23,DEAP:S17,T23,0,3.62,2,1,4,4,exposed,stimulus_relative_context,train,0.8033262812873851,0.19667371871261485
DEAP:S17:T24,DEAP:S17,T24,0,4.53,2,1,4,4,exposed,stimulus_relative_context,train,0.756711911996013,0.24328808800398705
DEAP:S17:T26,DEAP:S17,T26,0,3.73,2,1,4,4,exposed,stimulus_relative_context,train,0.6296663641248694,0.3703336358751306
DEAP:S17:T28,DEAP:S17,T28,1,5.64,2,1,4,4,exposed,stimulus_relative_context,train,0.6566279869337934,0.3433720130662066
DEAP:S17:T30,DEAP:S17,T30,0,3.04,2,1,4,4,exposed,stimulus_relative_context,train,0.7895540188909973,0.21044598110900267
DEAP:S17:T31,DEAP:S17,T31,0,4.54,2,1,4,4,exposed,stimulus_relative_context,train,0.6884051694215948,0.3115948305784052
DEAP:S17:T33,DEAP:S17,T33,0,3.83,2,1,4,4,exposed,stimulus_relative_context,train,0.6535620587042794,0.34643794129572064
DEAP:S17:T34,DEAP:S17,T34,0,4.99,2,1,4,4,exposed,stimulus_relative_context,train,0.733792653992452,0.26620734600754803
DEAP:S17:T39,DEAP:S17,T39,1,7.1,2,1,4,4,exposed,stimulus_relative_context,train,0.5856548665230448,0.41434513347695523
DEAP:S19:T01,DEAP:S19,T01,1,7.44,2,1,4,4,exposed,stimulus_relative_context,train,0.2457481219868175,0.7542518780131825
DEAP:S19:T02,DEAP:S19,T02,1,6.46,2,1,4,4,exposed,stimulus_relative_context,train,0.24230940966424042,0.7576905903357596
DEAP:S19:T03,DEAP:S19,T03,1,6.82,2,1,4,4,exposed,stimulus_relative_context,train,0.2644676380459502,0.7355323619540498
DEAP:S19:T05,DEAP:S19,T05,1,7.79,2,1,4,4,exposed,stimulus_relative_context,train,0.31777735916241634,0.6822226408375837
DEAP:S19:T10,DEAP:S19,T10,1,5.01,2,1,4,4,exposed,stimulus_relative_context,train,0.4554147984955209,0.5445852015044791
DEAP:S19:T12,DEAP:S19,T12,1,6.26,2,1,4,4,exposed,stimulus_relative_context,train,0.2572505804271893,0.7427494195728107
DEAP:S19:T19,DEAP:S19,T19,1,7.65,2,1,4,4,exposed,stimulus_relative_context,train,0.20665552887058136,0.7933444711294186
DEAP:S19:T23,DEAP:S19,T23,0,3.77,2,1,4,4,exposed,stimulus_relative_context,train,0.720295734318197,0.279704265681803
DEAP:S19:T24,DEAP:S19,T24,0,3.23,2,1,4,4,exposed,stimulus_relative_context,train,0.5738841814773127,0.4261158185226873
DEAP:S19:T26,DEAP:S19,T26,0,4.95,2,1,4,4,exposed,stimulus_relative_context,train,0.5112594249550795,0.4887405750449206
DEAP:S19:T28,DEAP:S19,T28,1,6.21,2,1,4,4,exposed,stimulus_relative_context,train,0.46778362633022996,0.53221637366977
DEAP:S19:T30,DEAP:S19,T30,0,2.85,2,1,4,4,exposed,stimulus_relative_context,train,0.6805111051980075,0.3194888948019925
DEAP:S19:T31,DEAP:S19,T31,1,5.03,2,1,4,4,exposed,stimulus_relative_context,train,0.622646337507452,0.377353662492548
DEAP:S19:T33,DEAP:S19,T33,0,3.4,2,1,4,4,exposed,stimulus_relative_context,train,0.4863184783513246,0.5136815216486754
DEAP:S19:T34,DEAP:S19,T34,0,4.17,2,1,4,4,exposed,stimulus_relative_context,train,0.6002936720683318,0.3997063279316681
DEAP:S19:T39,DEAP:S19,T39,1,5.04,2,1,4,4,exposed,stimulus_relative_context,train,0.4981185595534523,0.5018814404465477
DEAP:S20:T01,DEAP:S20,T01,1,5.76,2,1,4,4,exposed,stimulus_relative_context,train,0.27689602419398196,0.723103975806018
DEAP:S20:T02,DEAP:S20,T02,1,6.77,2,1,4,4,exposed,stimulus_relative_context,train,0.2728553102368697,0.7271446897631303
DEAP:S20:T03,DEAP:S20,T03,1,7.18,2,1,4,4,exposed,stimulus_relative_context,train,0.3359479879602917,0.6640520120397083
DEAP:S20:T05,DEAP:S20,T05,1,8.82,2,1,4,4,exposed,stimulus_relative_context,train,0.3387189455318267,0.6612810544681733
DEAP:S20:T10,DEAP:S20,T10,1,5.13,2,1,4,4,exposed,stimulus_relative_context,train,0.44359269648770683,0.5564073035122932
DEAP:S20:T12,DEAP:S20,T12,1,7.64,2,1,4,4,exposed,stimulus_relative_context,train,0.3239011495942852,0.6760988504057148
DEAP:S20:T19,DEAP:S20,T19,1,7.59,2,1,4,4,exposed,stimulus_relative_context,train,0.23085555586522033,0.7691444441347797
DEAP:S20:T23,DEAP:S20,T23,0,2.82,2,1,4,4,exposed,stimulus_relative_context,train,0.7670812001617068,0.23291879983829325
DEAP:S20:T24,DEAP:S20,T24,0,3.0,2,1,4,4,exposed,stimulus_relative_context,train,0.6962513577039404,0.3037486422960595
DEAP:S20:T28,DEAP:S20,T28,1,5.01,2,1,4,4,exposed,stimulus_relative_context,train,0.5111345951548008,0.4888654048451992
DEAP:S20:T30,DEAP:S20,T30,0,3.49,2,1,4,4,exposed,stimulus_relative_context,train,0.7582991223187021,0.24170087768129792
DEAP:S20:T31,DEAP:S20,T31,0,4.46,2,1,4,4,exposed,stimulus_relative_context,train,0.609391301944437,0.390608698055563
DEAP:S20:T33,DEAP:S20,T33,0,4.64,2,1,4,4,exposed,stimulus_relative_context,train,0.541134248190948,0.4588657518090519
DEAP:S21:T01,DEAP:S21,T01,1,6.42,2,1,4,4,exposed,stimulus_relative_context,train,0.3509225720262179,0.6490774279737821
DEAP:S21:T02,DEAP:S21,T02,1,7.05,2,1,4,4,exposed,stimulus_relative_context,train,0.25317743255478586,0.7468225674452141
DEAP:S21:T03,DEAP:S21,T03,0,4.83,2,1,4,4,exposed,stimulus_relative_context,train,0.31202653846228035,0.6879734615377197
DEAP:S21:T05,DEAP:S21,T05,1,8.09,2,1,4,4,exposed,stimulus_relative_context,train,0.3286768429426663,0.6713231570573337
DEAP:S21:T10,DEAP:S21,T10,1,7.05,2,1,4,4,exposed,stimulus_relative_context,train,0.481083954755972,0.518916045244028
DEAP:S21:T12,DEAP:S21,T12,0,4.63,2,1,4,4,exposed,stimulus_relative_context,train,0.34209710603010735,0.6579028939698927
DEAP:S21:T23,DEAP:S21,T23,0,4.69,2,1,4,4,exposed,stimulus_relative_context,train,0.7029650637689355,0.2970349362310645
DEAP:S21:T24,DEAP:S21,T24,0,2.99,2,1,4,4,exposed,stimulus_relative_context,train,0.711261197511402,0.288738802488598
DEAP:S21:T26,DEAP:S21,T26,0,4.06,2,1,4,4,exposed,stimulus_relative_context,train,0.4495544235345247,0.5504455764654753
DEAP:S21:T28,DEAP:S21,T28,0,3.04,2,1,4,4,exposed,stimulus_relative_context,train,0.41444980387100905,0.585550196128991
DEAP:S21:T30,DEAP:S21,T30,0,3.45,2,1,4,4,exposed,stimulus_relative_context,train,0.718876245282802,0.28112375471719797
DEAP:S21:T31,DEAP:S21,T31,1,5.04,2,1,4,4,exposed,stimulus_relative_context,train,0.5728315249105466,0.42716847508945344
DEAP:S21:T33,DEAP:S21,T33,1,7.03,2,1,4,4,exposed,stimulus_relative_context,train,0.5138863969876089,0.48611360301239115
DEAP:S21:T34,DEAP:S21,T34,0,4.06,2,1,4,4,exposed,stimulus_relative_context,train,0.6389225256276015,0.36107747437239845
DEAP:S21:T39,DEAP:S21,T39,1,6.09,2,1,4,4,exposed,stimulus_relative_context,train,0.5356402737939049,0.4643597262060951
DEAP:S23:T01,DEAP:S23,T01,1,7.71,2,1,4,4,exposed,stimulus_relative_context,train,0.11463935485981491,0.8853606451401851
DEAP:S23:T02,DEAP:S23,T02,1,9.0,2,1,4,4,exposed,stimulus_relative_context,train,0.11504676823444793,0.8849532317655521
DEAP:S23:T03,DEAP:S23,T03,1,7.09,2,1,4,4,exposed,stimulus_relative_context,train,0.12264437771789205,0.877355622282108
DEAP:S23:T05,DEAP:S23,T05,1,6.94,2,1,4,4,exposed,stimulus_relative_context,train,0.17630787667821668,0.8236921233217833
DEAP:S23:T10,DEAP:S23,T10,1,5.01,2,1,4,4,exposed,stimulus_relative_context,train,0.23354571231317578,0.7664542876868242
DEAP:S23:T12,DEAP:S23,T12,1,7.0,2,1,4,4,exposed,stimulus_relative_context,train,0.17311631059514376,0.8268836894048562
DEAP:S23:T19,DEAP:S23,T19,1,8.15,2,1,4,4,exposed,stimulus_relative_context,train,0.10382964944321449,0.8961703505567855
DEAP:S23:T23,DEAP:S23,T23,0,4.17,2,1,4,4,exposed,stimulus_relative_context,train,0.5583382466831606,0.44166175331683943
DEAP:S23:T24,DEAP:S23,T24,1,6.53,2,1,4,4,exposed,stimulus_relative_context,train,0.4564574151199502,0.5435425848800498
DEAP:S23:T26,DEAP:S23,T26,1,8.27,2,1,4,4,exposed,stimulus_relative_context,train,0.34365968282222115,0.6563403171777789
DEAP:S23:T28,DEAP:S23,T28,1,5.04,2,1,4,4,exposed,stimulus_relative_context,train,0.24944408974425747,0.7505559102557425
DEAP:S23:T30,DEAP:S23,T30,0,3.88,2,1,4,4,exposed,stimulus_relative_context,train,0.5703988133948199,0.42960118660518015
DEAP:S23:T31,DEAP:S23,T31,0,4.86,2,1,4,4,exposed,stimulus_relative_context,train,0.3872572503637912,0.6127427496362088
DEAP:S23:T33,DEAP:S23,T33,1,5.04,2,1,4,4,exposed,stimulus_relative_context,train,0.3671609385782474,0.6328390614217526
DEAP:S23:T34,DEAP:S23,T34,1,6.72,2,1,4,4,exposed,stimulus_relative_context,train,0.41452660812399755,0.5854733918760024
DEAP:S24:T01,DEAP:S24,T01,1,7.06,2,1,4,4,exposed,stimulus_relative_context,train,0.34633651087266026,0.6536634891273397
DEAP:S24:T02,DEAP:S24,T02,1,6.04,2,1,4,4,exposed,stimulus_relative_context,train,0.34626948563766957,0.6537305143623304
DEAP:S24:T03,DEAP:S24,T03,1,8.96,2,1,4,4,exposed,stimulus_relative_context,train,0.3456926439854908,0.6543073560145092
DEAP:S24:T05,DEAP:S24,T05,1,7.06,2,1,4,4,exposed,stimulus_relative_context,train,0.43364140833311093,0.5663585916668891
DEAP:S24:T10,DEAP:S24,T10,1,5.01,2,1,4,4,exposed,stimulus_relative_context,train,0.5253414680595871,0.47465853194041285
DEAP:S24:T12,DEAP:S24,T12,1,7.04,2,1,4,4,exposed,stimulus_relative_context,train,0.38864172248121553,0.6113582775187845
DEAP:S24:T19,DEAP:S24,T19,1,7.03,2,1,4,4,exposed,stimulus_relative_context,train,0.3059471980737486,0.6940528019262514
DEAP:S24:T24,DEAP:S24,T24,0,2.99,2,1,4,4,exposed,stimulus_relative_context,train,0.7851345076004961,0.21486549239950387
DEAP:S24:T26,DEAP:S24,T26,0,4.05,2,1,4,4,exposed,stimulus_relative_context,train,0.5851612480657526,0.4148387519342473
DEAP:S24:T28,DEAP:S24,T28,0,4.03,2,1,4,4,exposed,stimulus_relative_context,train,0.5651988081842936,0.4348011918157064
DEAP:S24:T30,DEAP:S24,T30,0,1.0,2,1,4,4,exposed,stimulus_relative_context,train,0.7809053150993133,0.2190946849006868
DEAP:S24:T31,DEAP:S24,T31,0,2.94,2,1,4,4,exposed,stimulus_relative_context,train,0.7119154059625236,0.28808459403747644
DEAP:S24:T33,DEAP:S24,T33,1,5.01,2,1,4,4,exposed,stimulus_relative_context,train,0.6543041706328907,0.34569582936710935
DEAP:S24:T34,DEAP:S24,T34,0,4.05,2,1,4,4,exposed,stimulus_relative_context,train,0.6719866506718943,0.3280133493281057
DEAP:S24:T39,DEAP:S24,T39,0,2.12,2,1,4,4,exposed,stimulus_relative_context,train,0.5960575153828884,0.4039424846171116
DEAP:S25:T01,DEAP:S25,T01,1,8.06,2,1,4,4,exposed,stimulus_relative_context,train,0.34566808538786464,0.6543319146121354
DEAP:S25:T02,DEAP:S25,T02,0,2.99,2,1,4,4,exposed,stimulus_relative_context,train,0.2859818551178126,0.7140181448821874
DEAP:S25:T03,DEAP:S25,T03,1,7.12,2,1,4,4,exposed,stimulus_relative_context,train,0.34743750553073816,0.6525624944692618
DEAP:S25:T05,DEAP:S25,T05,1,5.04,2,1,4,4,exposed,stimulus_relative_context,train,0.44918217395260707,0.5508178260473929
DEAP:S25:T12,DEAP:S25,T12,1,8.04,2,1,4,4,exposed,stimulus_relative_context,train,0.37480097813481106,0.6251990218651889
DEAP:S25:T19,DEAP:S25,T19,1,7.06,2,1,4,4,exposed,stimulus_relative_context,train,0.28643098774229414,0.7135690122577059
DEAP:S25:T23,DEAP:S25,T23,0,2.01,2,1,4,4,exposed,stimulus_relative_context,train,0.7745171948027357,0.2254828051972643
DEAP:S25:T26,DEAP:S25,T26,0,4.99,2,1,4,4,exposed,stimulus_relative_context,train,0.5827334598510396,0.4172665401489603
DEAP:S25:T28,DEAP:S25,T28,1,5.01,2,1,4,4,exposed,stimulus_relative_context,train,0.5619407168708586,0.4380592831291414
DEAP:S25:T30,DEAP:S25,T30,0,4.03,2,1,4,4,exposed,stimulus_relative_context,train,0.8107534162924226,0.18924658370757738
DEAP:S25:T34,DEAP:S25,T34,0,4.95,2,1,4,4,exposed,stimulus_relative_context,train,0.7255220107028096,0.27447798929719036
DEAP:S27:T01,DEAP:S27,T01,1,6.03,2,1,4,4,exposed,stimulus_relative_context,train,0.17953775603330946,0.8204622439666905
DEAP:S27:T02,DEAP:S27,T02,1,7.0,2,1,4,4,exposed,stimulus_relative_context,train,0.18312613406903067,0.8168738659309693
DEAP:S27:T03,DEAP:S27,T03,1,9.0,2,1,4,4,exposed,stimulus_relative_context,train,0.21837100491169437,0.7816289950883056
DEAP:S27:T05,DEAP:S27,T05,0,4.97,2,1,4,4,exposed,stimulus_relative_context,train,0.2299894972307861,0.7700105027692139
DEAP:S27:T10,DEAP:S27,T10,1,6.01,2,1,4,4,exposed,stimulus_relative_context,train,0.39741946202173795,0.602580537978262
DEAP:S27:T12,DEAP:S27,T12,0,4.18,2,1,4,4,exposed,stimulus_relative_context,train,0.21792506920214338,0.7820749307978566
DEAP:S27:T19,DEAP:S27,T19,1,5.06,2,1,4,4,exposed,stimulus_relative_context,train,0.17609471004410937,0.8239052899558906
DEAP:S27:T23,DEAP:S27,T23,1,8.0,2,1,4,4,exposed,stimulus_relative_context,train,0.7053904241421984,0.2946095758578015
DEAP:S27:T26,DEAP:S27,T26,1,5.04,2,1,4,4,exposed,stimulus_relative_context,train,0.3955028857772426,0.6044971142227574
DEAP:S27:T28,DEAP:S27,T28,1,5.04,2,1,4,4,exposed,stimulus_relative_context,train,0.4772295038108294,0.5227704961891706
DEAP:S27:T30,DEAP:S27,T30,1,7.08,2,1,4,4,exposed,stimulus_relative_context,train,0.7215594128818703,0.27844058711812963
DEAP:S27:T31,DEAP:S27,T31,1,5.08,2,1,4,4,exposed,stimulus_relative_context,train,0.5177186587507832,0.48228134124921684
DEAP:S27:T33,DEAP:S27,T33,1,5.04,2,1,4,4,exposed,stimulus_relative_context,train,0.4466776731032537,0.5533223268967463
DEAP:S27:T34,DEAP:S27,T34,0,2.85,2,1,4,4,exposed,stimulus_relative_context,train,0.5213287514813219,0.47867124851867815
DEAP:S27:T39,DEAP:S27,T39,0,2.14,2,1,4,4,exposed,stimulus_relative_context,train,0.4168630338203704,0.5831369661796296
DEAP:S28:T01,DEAP:S28,T01,1,7.03,2,1,4,4,exposed,stimulus_relative_context,train,0.19835371744667452,0.8016462825533255
DEAP:S28:T02,DEAP:S28,T02,1,7.99,2,1,4,4,exposed,stimulus_relative_context,train,0.28610158669111774,0.7138984133088823
DEAP:S28:T03,DEAP:S28,T03,1,9.0,2,1,4,4,exposed,stimulus_relative_context,train,0.22760719531408669,0.7723928046859133
DEAP:S28:T05,DEAP:S28,T05,1,7.04,2,1,4,4,exposed,stimulus_relative_context,train,0.2852457411950263,0.7147542588049737
DEAP:S28:T10,DEAP:S28,T10,1,7.99,2,1,4,4,exposed,stimulus_relative_context,train,0.38848677586737035,0.6115132241326297
DEAP:S28:T12,DEAP:S28,T12,1,6.06,2,1,4,4,exposed,stimulus_relative_context,train,0.28647830106140104,0.713521698938599
DEAP:S28:T19,DEAP:S28,T19,1,7.03,2,1,4,4,exposed,stimulus_relative_context,train,0.1802220462047427,0.8197779537952573
DEAP:S28:T23,DEAP:S28,T23,0,2.03,2,1,4,4,exposed,stimulus_relative_context,train,0.6925723851537724,0.30742761484622766
DEAP:S28:T26,DEAP:S28,T26,0,1.99,2,1,4,4,exposed,stimulus_relative_context,train,0.4375217241792727,0.5624782758207273
DEAP:S28:T28,DEAP:S28,T28,0,2.9,2,1,4,4,exposed,stimulus_relative_context,train,0.4087374599311314,0.5912625400688686
DEAP:S28:T30,DEAP:S28,T30,0,1.99,2,1,4,4,exposed,stimulus_relative_context,train,0.6364517169767956,0.36354828302320435
DEAP:S28:T31,DEAP:S28,T31,1,6.91,2,1,4,4,exposed,stimulus_relative_context,train,0.5721022042454753,0.42789779575452475
DEAP:S28:T33,DEAP:S28,T33,1,7.01,2,1,4,4,exposed,stimulus_relative_context,train,0.42494942957447723,0.5750505704255228
DEAP:S28:T34,DEAP:S28,T34,1,5.99,2,1,4,4,exposed,stimulus_relative_context,train,0.7149985174295277,0.28500148257047225
DEAP:S29:T01,DEAP:S29,T01,1,6.06,2,1,4,4,exposed,stimulus_relative_context,train,0.3533590213856782,0.6466409786143218
DEAP:S29:T02,DEAP:S29,T02,1,7.05,2,1,4,4,exposed,stimulus_relative_context,train,0.2937218115890613,0.7062781884109387
DEAP:S29:T03,DEAP:S29,T03,1,9.0,2,1,4,4,exposed,stimulus_relative_context,train,0.3296928357793377,0.6703071642206623
DEAP:S29:T05,DEAP:S29,T05,1,6.05,2,1,4,4,exposed,stimulus_relative_context,train,0.4583944328694799,0.5416055671305201
DEAP:S29:T10,DEAP:S29,T10,1,7.01,2,1,4,4,exposed,stimulus_relative_context,train,0.5856598002630957,0.41434019973690434
DEAP:S29:T12,DEAP:S29,T12,1,6.04,2,1,4,4,exposed,stimulus_relative_context,train,0.3600454628392139,0.6399545371607861
DEAP:S29:T19,DEAP:S29,T19,1,7.05,2,1,4,4,exposed,stimulus_relative_context,train,0.2344165231087849,0.7655834768912151
DEAP:S29:T24,DEAP:S29,T24,0,4.12,2,1,4,4,exposed,stimulus_relative_context,train,0.758311292469769,0.241688707530231
DEAP:S29:T26,DEAP:S29,T26,0,3.0,2,1,4,4,exposed,stimulus_relative_context,train,0.591904199433865,0.4080958005661351
DEAP:S29:T28,DEAP:S29,T28,0,1.04,2,1,4,4,exposed,stimulus_relative_context,train,0.6101053904867442,0.38989460951325583
DEAP:S29:T30,DEAP:S29,T30,0,2.95,2,1,4,4,exposed,stimulus_relative_context,train,0.7913137694173142,0.20868623058268576
DEAP:S29:T31,DEAP:S29,T31,0,1.0,2,1,4,4,exposed,stimulus_relative_context,train,0.6724948234932384,0.3275051765067616
DEAP:S29:T33,DEAP:S29,T33,0,1.99,2,1,4,4,exposed,stimulus_relative_context,train,0.6490546255824794,0.35094537441752066
DEAP:S29:T34,DEAP:S29,T34,0,3.95,2,1,4,4,exposed,stimulus_relative_context,train,0.7648555335782689,0.23514446642173117
DEAP:S29:T39,DEAP:S29,T39,1,6.05,2,1,4,4,exposed,stimulus_relative_context,train,0.5755307344289119,0.4244692655710881
DEAP:S30:T01,DEAP:S30,T01,1,5.04,2,1,4,4,exposed,stimulus_relative_context,train,0.20114927992959108,0.7988507200704089
DEAP:S30:T02,DEAP:S30,T02,1,7.15,2,1,4,4,exposed,stimulus_relative_context,train,0.264604417624005,0.735395582375995
DEAP:S30:T03,DEAP:S30,T03,1,6.15,2,1,4,4,exposed,stimulus_relative_context,train,0.28848575658855524,0.7115142434114448
DEAP:S30:T05,DEAP:S30,T05,1,6.19,2,1,4,4,exposed,stimulus_relative_context,train,0.2720618671724987,0.7279381328275013
DEAP:S30:T10,DEAP:S30,T10,1,5.08,2,1,4,4,exposed,stimulus_relative_context,train,0.3787842493593486,0.6212157506406514
DEAP:S30:T12,DEAP:S30,T12,1,5.15,2,1,4,4,exposed,stimulus_relative_context,train,0.2372725165912115,0.7627274834087885
DEAP:S30:T19,DEAP:S30,T19,1,8.27,2,1,4,4,exposed,stimulus_relative_context,train,0.17217616308520334,0.8278238369147967
DEAP:S30:T23,DEAP:S30,T23,0,3.0,2,1,4,4,exposed,stimulus_relative_context,train,0.6225415153646143,0.3774584846353857
DEAP:S30:T24,DEAP:S30,T24,1,5.99,2,1,4,4,exposed,stimulus_relative_context,train,0.5499284831250939,0.45007151687490615
DEAP:S30:T26,DEAP:S30,T26,1,5.01,2,1,4,4,exposed,stimulus_relative_context,train,0.46004398591602746,0.5399560140839725
DEAP:S30:T28,DEAP:S30,T28,1,5.06,2,1,4,4,exposed,stimulus_relative_context,train,0.46805910010913154,0.5319408998908685
DEAP:S30:T30,DEAP:S30,T30,0,4.04,2,1,4,4,exposed,stimulus_relative_context,train,0.7116819155293423,0.2883180844706576
DEAP:S30:T31,DEAP:S30,T31,0,3.86,2,1,4,4,exposed,stimulus_relative_context,train,0.60776207093467,0.39223792906533
DEAP:S30:T33,DEAP:S30,T33,0,3.91,2,1,4,4,exposed,stimulus_relative_context,train,0.4671916870365015,0.5328083129634985
DEAP:S32:T01,DEAP:S32,T01,1,8.13,2,1,4,4,exposed,stimulus_relative_context,train,0.382813382364924,0.617186617635076
DEAP:S32:T02,DEAP:S32,T02,0,4.99,2,1,4,4,exposed,stimulus_relative_context,train,0.33197849019294257,0.6680215098070574
DEAP:S32:T03,DEAP:S32,T03,1,8.05,2,1,4,4,exposed,stimulus_relative_context,train,0.3603261182795956,0.6396738817204044
DEAP:S32:T05,DEAP:S32,T05,1,7.15,2,1,4,4,exposed,stimulus_relative_context,train,0.38728290087739947,0.6127170991226005
DEAP:S32:T10,DEAP:S32,T10,0,4.08,2,1,4,4,exposed,stimulus_relative_context,train,0.6072729670057713,0.3927270329942287
DEAP:S32:T12,DEAP:S32,T12,1,7.31,2,1,4,4,exposed,stimulus_relative_context,train,0.364106328672955,0.635893671327045
DEAP:S32:T19,DEAP:S32,T19,1,8.24,2,1,4,4,exposed,stimulus_relative_context,train,0.24850455092588208,0.7514954490741179
DEAP:S32:T23,DEAP:S32,T23,0,3.01,2,1,4,4,exposed,stimulus_relative_context,train,0.8456213369182516,0.1543786630817484
DEAP:S32:T24,DEAP:S32,T24,0,1.0,2,1,4,4,exposed,stimulus_relative_context,train,0.7634672066624428,0.23653279333755714
DEAP:S32:T26,DEAP:S32,T26,1,5.14,2,1,4,4,exposed,stimulus_relative_context,train,0.5554830132457211,0.44451698675427886
DEAP:S32:T28,DEAP:S32,T28,1,6.03,2,1,4,4,exposed,stimulus_relative_context,train,0.450871092051504,0.549128907948496
DEAP:S32:T30,DEAP:S32,T30,0,1.0,2,1,4,4,exposed,stimulus_relative_context,train,0.8312863007302221,0.1687136992697779
DEAP:S32:T31,DEAP:S32,T31,0,4.17,2,1,4,4,exposed,stimulus_relative_context,train,0.751377174785473,0.24862282521452705
DEAP:S32:T39,DEAP:S32,T39,0,3.99,2,1,4,4,exposed,stimulus_relative_context,train,0.6239611803007121,0.37603881969928793
DEAP:S10:T04,DEAP:S10,T04,1,7.01,2,1,4,4,exposed,stimulus_relative_context,validation_unseen,0.45007868506323645,0.5499213149367636
DEAP:S10:T08,DEAP:S10,T08,1,5.68,2,1,4,4,exposed,stimulus_relative_context,validation_unseen,0.5037083411701782,0.4962916588298219
DEAP:S10:T11,DEAP:S10,T11,1,8.99,2,1,4,4,exposed,stimulus_relative_context,validation_unseen,0.43937056528750584,0.5606294347124942
DEAP:S10:T18,DEAP:S10,T18,1,7.31,2,1,4,4,exposed,stimulus_relative_context,validation_unseen,0.45189206062622256,0.5481079393737774
DEAP:S10:T22,DEAP:S10,T22,0,4.24,2,1,4,4,exposed,stimulus_relative_context,validation_unseen,0.5356368449650559,0.46436315503494413
DEAP:S10:T25,DEAP:S10,T25,0,1.92,2,1,4,4,exposed,stimulus_relative_context,validation_unseen,0.5122651589020499,0.4877348410979501
DEAP:S10:T29,DEAP:S10,T29,0,3.94,2,1,4,4,exposed,stimulus_relative_context,validation_unseen,0.4879507599045807,0.5120492400954193
DEAP:S10:T32,DEAP:S10,T32,1,5.96,2,1,4,4,exposed,stimulus_relative_context,validation_unseen,0.40367677670851976,0.5963232232914802
DEAP:S12:T04,DEAP:S12,T04,1,6.86,2,1,4,4,exposed,stimulus_relative_context,validation_unseen,0.4139595574766828,0.5860404425233172
DEAP:S12:T08,DEAP:S12,T08,1,5.1,2,1,4,4,exposed,stimulus_relative_context,validation_unseen,0.41829179751202106,0.5817082024879789
DEAP:S12:T11,DEAP:S12,T11,1,7.78,2,1,4,4,exposed,stimulus_relative_context,validation_unseen,0.4040097566333415,0.5959902433666585
DEAP:S12:T18,DEAP:S12,T18,1,7.35,2,1,4,4,exposed,stimulus_relative_context,validation_unseen,0.460989338502653,0.539010661497347
DEAP:S12:T22,DEAP:S12,T22,0,3.33,2,1,4,4,exposed,stimulus_relative_context,validation_unseen,0.4701664498035263,0.5298335501964737
DEAP:S12:T25,DEAP:S12,T25,0,2.78,2,1,4,4,exposed,stimulus_relative_context,validation_unseen,0.49742295754795174,0.5025770424520483
DEAP:S12:T29,DEAP:S12,T29,0,1.67,2,1,4,4,exposed,stimulus_relative_context,validation_unseen,0.3666055909620535,0.6333944090379465
DEAP:S12:T32,DEAP:S12,T32,0,1.86,2,1,4,4,exposed,stimulus_relative_context,validation_unseen,0.39352475033753787,0.6064752496624621
DEAP:S22:T04,DEAP:S22,T04,1,7.06,2,1,4,4,exposed,stimulus_relative_context,validation_unseen,0.367439596806696,0.632560403193304
DEAP:S22:T08,DEAP:S22,T08,1,7.09,2,1,4,4,exposed,stimulus_relative_context,validation_unseen,0.505316282348492,0.494683717651508
DEAP:S22:T11,DEAP:S22,T11,1,8.05,2,1,4,4,exposed,stimulus_relative_context,validation_unseen,0.496781576895695,0.503218423104305
DEAP:S22:T18,DEAP:S22,T18,1,8.08,2,1,4,4,exposed,stimulus_relative_context,validation_unseen,0.43289630977244187,0.5671036902275581
DEAP:S22:T22,DEAP:S22,T22,0,4.05,2,1,4,4,exposed,stimulus_relative_context,validation_unseen,0.5043357544102359,0.4956642455897641
DEAP:S22:T25,DEAP:S22,T25,0,2.95,2,1,4,4,exposed,stimulus_relative_context,validation_unseen,0.5318062412156748,0.4681937587843252
DEAP:S22:T29,DEAP:S22,T29,0,2.0,2,1,4,4,exposed,stimulus_relative_context,validation_unseen,0.39131275120310327,0.6086872487968967
DEAP:S22:T32,DEAP:S22,T32,0,1.99,2,1,4,4,exposed,stimulus_relative_context,validation_unseen,0.3629734184978731,0.6370265815021269
DEAP:S26:T04,DEAP:S26,T04,1,8.03,2,1,4,4,exposed,stimulus_relative_context,validation_unseen,0.5317749242948151,0.4682250757051849
DEAP:S26:T08,DEAP:S26,T08,1,8.01,2,1,4,4,exposed,stimulus_relative_context,validation_unseen,0.5334455654203221,0.46655443457967793
DEAP:S26:T11,DEAP:S26,T11,1,8.04,2,1,4,4,exposed,stimulus_relative_context,validation_unseen,0.5397422860210837,0.46025771397891635
DEAP:S26:T18,DEAP:S26,T18,1,9.0,2,1,4,4,exposed,stimulus_relative_context,validation_unseen,0.5188035740356605,0.4811964259643395
DEAP:S26:T22,DEAP:S26,T22,1,6.97,2,1,4,4,exposed,stimulus_relative_context,validation_unseen,0.5612314928919602,0.4387685071080399
DEAP:S26:T25,DEAP:S26,T25,1,7.14,2,1,4,4,exposed,stimulus_relative_context,validation_unseen,0.5356814278716071,0.46431857212839295
DEAP:S26:T29,DEAP:S26,T29,1,6.09,2,1,4,4,exposed,stimulus_relative_context,validation_unseen,0.5876472034715993,0.41235279652840073
DEAP:S26:T32,DEAP:S26,T32,0,1.96,2,1,4,4,exposed,stimulus_relative_context,validation_unseen,0.53251395757522,0.46748604242478004
DEAP:S10:T01,DEAP:S10,T01,1,7.91,2,1,4,4,exposed,stimulus_relative_context,validation_familiar,0.2431113386742365,0.7568886613257635
DEAP:S10:T02,DEAP:S10,T02,0,3.55,2,1,4,4,exposed,stimulus_relative_context,validation_familiar,0.2912350185204997,0.7087649814795003
DEAP:S10:T03,DEAP:S10,T03,1,5.86,2,1,4,4,exposed,stimulus_relative_context,validation_familiar,0.2976036751202332,0.7023963248797668
DEAP:S10:T05,DEAP:S10,T05,1,7.24,2,1,4,4,exposed,stimulus_relative_context,validation_familiar,0.34260204184997056,0.6573979581500294
DEAP:S10:T10,DEAP:S10,T10,1,5.94,2,1,4,4,exposed,stimulus_relative_context,validation_familiar,0.45467581197217144,0.5453241880278286
DEAP:S10:T12,DEAP:S10,T12,1,5.37,2,1,4,4,exposed,stimulus_relative_context,validation_familiar,0.32652946628634005,0.67347053371366
DEAP:S10:T19,DEAP:S10,T19,1,7.82,2,1,4,4,exposed,stimulus_relative_context,validation_familiar,0.2578150783325588,0.7421849216674412
DEAP:S10:T23,DEAP:S10,T23,0,2.87,2,1,4,4,exposed,stimulus_relative_context,validation_familiar,0.7472284475277355,0.2527715524722644
DEAP:S10:T24,DEAP:S10,T24,1,6.82,2,1,4,4,exposed,stimulus_relative_context,validation_familiar,0.5775966972406796,0.42240330275932036
DEAP:S10:T26,DEAP:S10,T26,0,4.95,2,1,4,4,exposed,stimulus_relative_context,validation_familiar,0.5748950848040753,0.4251049151959248
DEAP:S10:T28,DEAP:S10,T28,0,4.31,2,1,4,4,exposed,stimulus_relative_context,validation_familiar,0.5357331006964183,0.46426689930358167
DEAP:S10:T30,DEAP:S10,T30,0,2.64,2,1,4,4,exposed,stimulus_relative_context,validation_familiar,0.7676683978321808,0.23233160216781928
DEAP:S10:T31,DEAP:S10,T31,0,4.15,2,1,4,4,exposed,stimulus_relative_context,validation_familiar,0.6458897422408778,0.3541102577591222
DEAP:S10:T33,DEAP:S10,T33,0,4.94,2,1,4,4,exposed,stimulus_relative_context,validation_familiar,0.5834937961354256,0.4165062038645743
DEAP:S10:T34,DEAP:S10,T34,0,3.91,2,1,4,4,exposed,stimulus_relative_context,validation_familiar,0.679145434469557,0.320854565530443
DEAP:S10:T39,DEAP:S10,T39,0,2.17,2,1,4,4,exposed,stimulus_relative_context,validation_familiar,0.5452070761405041,0.4547929238594959
DEAP:S12:T01,DEAP:S12,T01,1,7.09,2,1,4,4,exposed,stimulus_relative_context,validation_familiar,0.2646629680517306,0.7353370319482694
DEAP:S12:T02,DEAP:S12,T02,1,6.09,2,1,4,4,exposed,stimulus_relative_context,validation_familiar,0.24822056669259862,0.7517794333074014
DEAP:S12:T03,DEAP:S12,T03,1,7.33,2,1,4,4,exposed,stimulus_relative_context,validation_familiar,0.22082049381403734,0.7791795061859627
DEAP:S12:T05,DEAP:S12,T05,0,4.01,2,1,4,4,exposed,stimulus_relative_context,validation_familiar,0.3352722391591909,0.6647277608408091
DEAP:S12:T10,DEAP:S12,T10,0,4.06,2,1,4,4,exposed,stimulus_relative_context,validation_familiar,0.3882728325775118,0.6117271674224882
DEAP:S12:T12,DEAP:S12,T12,1,6.86,2,1,4,4,exposed,stimulus_relative_context,validation_familiar,0.33308188370630076,0.6669181162936992
DEAP:S12:T19,DEAP:S12,T19,1,7.03,2,1,4,4,exposed,stimulus_relative_context,validation_familiar,0.19469426957372005,0.80530573042628
DEAP:S12:T23,DEAP:S12,T23,0,1.74,2,1,4,4,exposed,stimulus_relative_context,validation_familiar,0.6819079801772495,0.3180920198227505
DEAP:S12:T24,DEAP:S12,T24,0,2.79,2,1,4,4,exposed,stimulus_relative_context,validation_familiar,0.6132530695257934,0.38674693047420655
DEAP:S12:T26,DEAP:S12,T26,1,6.08,2,1,4,4,exposed,stimulus_relative_context,validation_familiar,0.5067659675774845,0.49323403242251557
DEAP:S12:T28,DEAP:S12,T28,1,5.04,2,1,4,4,exposed,stimulus_relative_context,validation_familiar,0.45289199362282906,0.5471080063771709
DEAP:S12:T30,DEAP:S12,T30,0,3.36,2,1,4,4,exposed,stimulus_relative_context,validation_familiar,0.6761792928512558,0.32382070714874417
DEAP:S12:T31,DEAP:S12,T31,0,3.18,2,1,4,4,exposed,stimulus_relative_context,validation_familiar,0.5298581308718986,0.47014186912810146
DEAP:S12:T33,DEAP:S12,T33,0,1.9,2,1,4,4,exposed,stimulus_relative_context,validation_familiar,0.5053158626645924,0.4946841373354076
DEAP:S12:T34,DEAP:S12,T34,0,4.87,2,1,4,4,exposed,stimulus_relative_context,validation_familiar,0.6190910216086314,0.38090897839136867
DEAP:S12:T39,DEAP:S12,T39,0,3.18,2,1,4,4,exposed,stimulus_relative_context,validation_familiar,0.4026669617496328,0.5973330382503672
DEAP:S22:T01,DEAP:S22,T01,1,5.05,2,1,4,4,exposed,stimulus_relative_context,validation_familiar,0.32948685282386825,0.6705131471761318
DEAP:S22:T02,DEAP:S22,T02,1,7.08,2,1,4,4,exposed,stimulus_relative_context,validation_familiar,0.2291330388862689,0.7708669611137311
DEAP:S22:T03,DEAP:S22,T03,1,7.05,2,1,4,4,exposed,stimulus_relative_context,validation_familiar,0.22106319119634144,0.7789368088036586
DEAP:S22:T05,DEAP:S22,T05,1,7.1,2,1,4,4,exposed,stimulus_relative_context,validation_familiar,0.3021453643543601,0.6978546356456399
DEAP:S22:T10,DEAP:S22,T10,0,4.0,2,1,4,4,exposed,stimulus_relative_context,validation_familiar,0.35578855975029755,0.6442114402497024
DEAP:S22:T12,DEAP:S22,T12,0,4.99,2,1,4,4,exposed,stimulus_relative_context,validation_familiar,0.24877547324069849,0.7512245267593015
DEAP:S22:T19,DEAP:S22,T19,1,9.0,2,1,4,4,exposed,stimulus_relative_context,validation_familiar,0.17648327246267548,0.8235167275373245
DEAP:S22:T23,DEAP:S22,T23,0,2.99,2,1,4,4,exposed,stimulus_relative_context,validation_familiar,0.6832481767147909,0.3167518232852091
DEAP:S22:T24,DEAP:S22,T24,0,1.96,2,1,4,4,exposed,stimulus_relative_context,validation_familiar,0.6399420898582598,0.36005791014174016
DEAP:S22:T28,DEAP:S22,T28,0,4.03,2,1,4,4,exposed,stimulus_relative_context,validation_familiar,0.4359354474785292,0.5640645525214708
DEAP:S22:T30,DEAP:S22,T30,0,1.0,2,1,4,4,exposed,stimulus_relative_context,validation_familiar,0.7210097891398878,0.2789902108601122
DEAP:S22:T31,DEAP:S22,T31,0,2.01,2,1,4,4,exposed,stimulus_relative_context,validation_familiar,0.5572044791265882,0.44279552087341173
DEAP:S22:T33,DEAP:S22,T33,0,1.96,2,1,4,4,exposed,stimulus_relative_context,validation_familiar,0.5053573059306196,0.4946426940693804
DEAP:S22:T34,DEAP:S22,T34,1,5.04,2,1,4,4,exposed,stimulus_relative_context,validation_familiar,0.7026012386285867,0.29739876137141324
DEAP:S22:T39,DEAP:S22,T39,0,1.0,2,1,4,4,exposed,stimulus_relative_context,validation_familiar,0.5032349930643844,0.49676500693561565
DEAP:S26:T01,DEAP:S26,T01,1,7.97,2,1,4,4,exposed,stimulus_relative_context,validation_familiar,0.3158195953814188,0.6841804046185812
DEAP:S26:T02,DEAP:S26,T02,1,6.96,2,1,4,4,exposed,stimulus_relative_context,validation_familiar,0.28760432259882496,0.712395677401175
DEAP:S26:T03,DEAP:S26,T03,1,9.0,2,1,4,4,exposed,stimulus_relative_context,validation_familiar,0.323553422928367,0.676446577071633
DEAP:S26:T05,DEAP:S26,T05,0,4.0,2,1,4,4,exposed,stimulus_relative_context,validation_familiar,0.43693265791920766,0.5630673420807923
DEAP:S26:T10,DEAP:S26,T10,0,3.08,2,1,4,4,exposed,stimulus_relative_context,validation_familiar,0.5035912388618464,0.4964087611381535
DEAP:S26:T12,DEAP:S26,T12,1,7.04,2,1,4,4,exposed,stimulus_relative_context,validation_familiar,0.3875177091596701,0.6124822908403299
DEAP:S26:T19,DEAP:S26,T19,1,8.0,2,1,4,4,exposed,stimulus_relative_context,validation_familiar,0.27565031654571603,0.724349683454284
DEAP:S26:T23,DEAP:S26,T23,0,2.28,2,1,4,4,exposed,stimulus_relative_context,validation_familiar,0.8200003132941764,0.17999968670582353
DEAP:S26:T24,DEAP:S26,T24,1,9.0,2,1,4,4,exposed,stimulus_relative_context,validation_familiar,0.7437823817264331,0.256217618273567
DEAP:S26:T26,DEAP:S26,T26,1,5.05,2,1,4,4,exposed,stimulus_relative_context,validation_familiar,0.5912889905063462,0.4087110094936538
DEAP:S26:T28,DEAP:S26,T28,1,5.97,2,1,4,4,exposed,stimulus_relative_context,validation_familiar,0.6311716454109029,0.3688283545890971
DEAP:S26:T30,DEAP:S26,T30,0,4.95,2,1,4,4,exposed,stimulus_relative_context,validation_familiar,0.801428961401986,0.19857103859801395
DEAP:S26:T31,DEAP:S26,T31,0,1.97,2,1,4,4,exposed,stimulus_relative_context,validation_familiar,0.7094438470661664,0.29055615293383363
DEAP:S26:T33,DEAP:S26,T33,0,1.0,2,1,4,4,exposed,stimulus_relative_context,validation_familiar,0.5441856666060498,0.4558143333939502
DEAP:S26:T34,DEAP:S26,T34,0,1.0,2,1,4,4,exposed,stimulus_relative_context,validation_familiar,0.7142317194992218,0.2857682805007781
DEAP:S26:T39,DEAP:S26,T39,0,1.95,2,1,4,4,exposed,stimulus_relative_context,validation_familiar,0.5051192912749745,0.4948807087250255
DEAP:S09:T02,DEAP:S09,T02,1,7.08,2,1,4,4,exposed,stimulus_relative_context,test,0.36603770799436464,0.6339622920056354
DEAP:S09:T19,DEAP:S09,T19,0,3.97,2,1,4,4,exposed,stimulus_relative_context,test,0.35249087539181234,0.6475091246081877
DEAP:S09:T26,DEAP:S09,T26,0,4.1,2,1,4,4,exposed,stimulus_relative_context,test,0.7329810587266166,0.26701894127338344
DEAP:S09:T28,DEAP:S09,T28,0,2.96,2,1,4,4,exposed,stimulus_relative_context,test,0.6926633486855804,0.3073366513144196
DEAP:S09:T30,DEAP:S09,T30,0,4.04,2,1,4,4,exposed,stimulus_relative_context,test,0.8677570819291416,0.13224291807085847
DEAP:S09:T33,DEAP:S09,T33,0,3.08,2,1,4,4,exposed,stimulus_relative_context,test,0.7605154435956532,0.2394845564043469
DEAP:S09:T39,DEAP:S09,T39,0,3.17,2,1,4,4,exposed,stimulus_relative_context,test,0.7110192894989864,0.2889807105010136
DEAP:S13:T02,DEAP:S13,T02,0,4.03,2,1,4,4,exposed,stimulus_relative_context,test,0.25990218485831573,0.7400978151416843
DEAP:S13:T19,DEAP:S13,T19,1,8.51,2,1,4,4,exposed,stimulus_relative_context,test,0.19346839202686938,0.8065316079731306
DEAP:S13:T23,DEAP:S13,T23,0,1.0,2,1,4,4,exposed,stimulus_relative_context,test,0.727264514715886,0.272735485284114
DEAP:S13:T26,DEAP:S13,T26,1,5.04,2,1,4,4,exposed,stimulus_relative_context,test,0.5619175921609274,0.43808240783907254
DEAP:S13:T28,DEAP:S13,T28,1,7.08,2,1,4,4,exposed,stimulus_relative_context,test,0.4840190091927501,0.5159809908072499
DEAP:S13:T30,DEAP:S13,T30,0,3.05,2,1,4,4,exposed,stimulus_relative_context,test,0.7363041179467688,0.26369588205323125
DEAP:S13:T33,DEAP:S13,T33,0,4.55,2,1,4,4,exposed,stimulus_relative_context,test,0.5641964729557275,0.4358035270442725
DEAP:S13:T39,DEAP:S13,T39,0,1.97,2,1,4,4,exposed,stimulus_relative_context,test,0.44849785293264044,0.5515021470673596
DEAP:S18:T02,DEAP:S18,T02,1,6.87,2,1,4,4,exposed,stimulus_relative_context,test,0.2476976617768002,0.7523023382231998
DEAP:S18:T19,DEAP:S18,T19,1,7.04,2,1,4,4,exposed,stimulus_relative_context,test,0.2609403344565825,0.7390596655434175
DEAP:S18:T23,DEAP:S18,T23,0,3.71,2,1,4,4,exposed,stimulus_relative_context,test,0.7686936056917519,0.2313063943082481
DEAP:S18:T26,DEAP:S18,T26,1,5.44,2,1,4,4,exposed,stimulus_relative_context,test,0.5386911575893121,0.4613088424106879
DEAP:S18:T28,DEAP:S18,T28,1,5.95,2,1,4,4,exposed,stimulus_relative_context,test,0.4572576580328105,0.5427423419671895
DEAP:S18:T30,DEAP:S18,T30,0,2.96,2,1,4,4,exposed,stimulus_relative_context,test,0.7648765630007949,0.2351234369992051
DEAP:S18:T33,DEAP:S18,T33,0,4.56,2,1,4,4,exposed,stimulus_relative_context,test,0.5001835183980221,0.49981648160197795
DEAP:S18:T39,DEAP:S18,T39,0,4.06,2,1,4,4,exposed,stimulus_relative_context,test,0.5132721830513671,0.48672781694863293
DEAP:S31:T02,DEAP:S31,T02,1,5.03,2,1,4,4,exposed,stimulus_relative_context,test,0.29832798634524915,0.7016720136547508
DEAP:S31:T19,DEAP:S31,T19,1,7.95,2,1,4,4,exposed,stimulus_relative_context,test,0.24298946808306998,0.75701053191693
DEAP:S31:T23,DEAP:S31,T23,0,1.0,2,1,4,4,exposed,stimulus_relative_context,test,0.6628144683419817,0.3371855316580183
DEAP:S31:T26,DEAP:S31,T26,1,7.08,2,1,4,4,exposed,stimulus_relative_context,test,0.45854574522337344,0.5414542547766266
DEAP:S31:T28,DEAP:S31,T28,1,5.01,2,1,4,4,exposed,stimulus_relative_context,test,0.4533346476197928,0.5466653523802072
DEAP:S31:T30,DEAP:S31,T30,0,3.13,2,1,4,4,exposed,stimulus_relative_context,test,0.7154113687674403,0.28458863123255973
DEAP:S31:T33,DEAP:S31,T33,0,4.18,2,1,4,4,exposed,stimulus_relative_context,test,0.5182455348102076,0.48175446518979237
DEAP:S31:T39,DEAP:S31,T39,0,1.0,2,1,4,4,exposed,stimulus_relative_context,test,0.4660947463858902,0.5339052536141098
