trial_id,subject_id,material_key,original_label,label,role,p0,p1
DEAP:S02:T04,DEAP:S02,T04,6.05,1,train,0.21486172093905745,0.7851382790609426
DEAP:S02:T05,DEAP:S02,T05,5.04,1,train,0.4010258412158394,0.5989741587841606
DEAP:S02:T07,DEAP:S02,T07,4.96,0,train,0.44798268998591934,0.5520173100140806
DEAP:S02:T09,DEAP:S02,T09,9.0,1,train,0.28791883268931406,0.7120811673106858
DEAP:S02:T13,DEAP:S02,T13,9.0,1,train,0.3748076022805704,0.6251923977194295
DEAP:S02:T15,DEAP:S02,T15,9.0,1,train,0.3832120624906461,0.6167879375093538
DEAP:S02:T18,DEAP:S02,T18,9.0,1,train,0.08412398262506146,0.9158760173749385
DEAP:S02:T19,DEAP:S02,T19,9.0,1,train,0.37104216913686505,0.6289578308631348
DEAP:S02:T24,DEAP:S02,T24,7.08,1,train,0.18278909139681257,0.8172109086031873
DEAP:S02:T27,DEAP:S02,T27,4.96,0,train,0.27405575378532,0.72594424621468
DEAP:S02:T28,DEAP:S02,T28,4.06,0,train,0.6566062718226863,0.3433937281773137
DEAP:S02:T29,DEAP:S02,T29,2.99,0,train,0.574872278967479,0.4251277210325211
DEAP:S02:T30,DEAP:S02,T30,2.01,0,train,0.36819951961267977,0.6318004803873203
DEAP:S02:T36,DEAP:S02,T36,5.04,1,train,0.32168481729450377,0.6783151827054962
DEAP:S05:T04,DEAP:S05,T04,8.24,1,train,0.5036706093099746,0.49632939069002535
DEAP:S05:T05,DEAP:S05,T05,3.04,0,train,0.6193150671667867,0.3806849328332132
DEAP:S05:T07,DEAP:S05,T07,5.12,1,train,0.5802251947462468,0.41977480525375327
DEAP:S05:T09,DEAP:S05,T09,6.94,1,train,0.680696169876566,0.319303830123434
DEAP:S05:T13,DEAP:S05,T13,4.94,0,train,0.6132793805204237,0.3867206194795764
DEAP:S05:T15,DEAP:S05,T15,6.97,1,train,0.5288093068749888,0.471190693125011
DEAP:S05:T18,DEAP:S05,T18,8.05,1,train,0.4857024470157506,0.5142975529842495
DEAP:S05:T19,DEAP:S05,T19,8.03,1,train,0.5397271904542532,0.46027280954574684
DEAP:S05:T22,DEAP:S05,T22,6.99,1,train,0.5664510108815345,0.4335489891184655
DEAP:S05:T24,DEAP:S05,T24,4.0,0,train,0.6291850456156989,0.37081495438430107
DEAP:S05:T27,DEAP:S05,T27,7.0,1,train,0.6168499430325232,0.3831500569674768
DEAP:S05:T28,DEAP:S05,T28,3.9,0,train,0.45937719799272475,0.5406228020072753
DEAP:S05:T29,DEAP:S05,T29,4.04,0,train,0.5985202635816125,0.4014797364183877
DEAP:S05:T32,DEAP:S05,T32,1.94,0,train,0.4520055401211834,0.5479944598788166
DEAP:S05:T36,DEAP:S05,T36,4.91,0,train,0.42837783240767063,0.5716221675923294
DEAP:S06:T04,DEAP:S06,T04,7.55,1,train,0.2919264612874844,0.7080735387125157
DEAP:S06:T05,DEAP:S06,T05,7.01,1,train,0.15290607985824922,0.8470939201417508
DEAP:S06:T09,DEAP:S06,T09,7.87,1,train,0.27764831345904045,0.7223516865409596
DEAP:S06:T13,DEAP:S06,T13,7.79,1,train,0.4831788103843325,0.5168211896156675
DEAP:S06:T15,DEAP:S06,T15,5.59,1,train,0.2008567028562166,0.7991432971437835
DEAP:S06:T18,DEAP:S06,T18,7.59,1,train,0.264417715206053,0.735582284793947
DEAP:S06:T19,DEAP:S06,T19,7.41,1,train,0.337029650963866,0.662970349036134
DEAP:S06:T22,DEAP:S06,T22,7.56,1,train,0.33119161662129776,0.6688083833787023
DEAP:S06:T24,DEAP:S06,T24,3.5,0,train,0.4909200588913136,0.5090799411086865
DEAP:S06:T27,DEAP:S06,T27,5.08,1,train,0.4972698053658433,0.5027301946341566
DEAP:S06:T28,DEAP:S06,T28,6.42,1,train,0.6642381809478916,0.3357618190521084
DEAP:S06:T29,DEAP:S06,T29,4.27,0,train,0.45038458773866236,0.5496154122613376
DEAP:S06:T30,DEAP:S06,T30,6.99,1,train,0.258085430284364,0.7419145697156361
DEAP:S06:T32,DEAP:S06,T32,6.99,1,train,0.3035010984516088,0.6964989015483912
DEAP:S06:T36,DEAP:S06,T36,5.71,1,train,0.5857736516109248,0.4142263483890751
DEAP:S07:T04,DEAP:S07,T04,7.08,1,train,0.29226137505382693,0.7077386249461731
DEAP:S07:T05,DEAP:S07,T05,7.05,1,train,0.5437128952668194,0.4562871047331804
DEAP:S07:T07,DEAP:S07,T07,7.08,1,train,0.28825060223687365,0.7117493977631263
DEAP:S07:T09,DEAP:S07,T09,6.99,1,train,0.2273556527916122,0.7726443472083877
DEAP:S07:T13,DEAP:S07,T13,8.0,1,train,0.649952182870473,0.35004781712952715
DEAP:S07:T15,DEAP:S07,T15,7.99,1,train,0.24588935608000678,0.7541106439199933
DEAP:S07:T18,DEAP:S07,T18,7.03,1,train,0.36152303726020557,0.6384769627397945
DEAP:S07:T19,DEAP:S07,T19,6.99,1,train,0.3292641651432984,0.6707358348567015
DEAP:S07:T22,DEAP:S07,T22,3.05,0,train,0.35926318756111575,0.6407368124388843
DEAP:S07:T24,DEAP:S07,T24,1.97,0,train,0.36843717202749243,0.6315628279725075
DEAP:S07:T27,DEAP:S07,T27,6.09,1,train,0.30677416587619505,0.6932258341238049
DEAP:S07:T28,DEAP:S07,T28,2.05,0,train,0.276126149664312,0.7238738503356881
DEAP:S07:T29,DEAP:S07,T29,7.09,1,train,0.4634745080553449,0.536525491944655
DEAP:S07:T36,DEAP:S07,T36,8.1,1,train,0.29269828508660234,0.7073017149133976
DEAP:S08:T04,DEAP:S08,T04,6.82,1,train,0.30203050376084756,0.6979694962391523
DEAP:S08:T05,DEAP:S08,T05,4.41,0,train,0.5567532622415896,0.44324673775841034
DEAP:S08:T07,DEAP:S08,T07,5.04,1,train,0.5963487943959652,0.4036512056040347
DEAP:S08:T09,DEAP:S08,T09,8.78,1,train,0.6221700675862479,0.3778299324137521
DEAP:S08:T13,DEAP:S08,T13,7.9,1,train,0.4827116982833766,0.5172883017166235
DEAP:S08:T15,DEAP:S08,T15,8.33,1,train,0.5759668703939036,0.4240331296060964
DEAP:S08:T18,DEAP:S08,T18,7.21,1,train,0.5293138144639645,0.4706861855360354
DEAP:S08:T19,DEAP:S08,T19,5.04,1,train,0.41999350197663693,0.5800064980233631
DEAP:S08:T22,DEAP:S08,T22,4.23,0,train,0.5187728982340214,0.4812271017659786
DEAP:S08:T27,DEAP:S08,T27,4.46,0,train,0.36288236920248323,0.6371176307975167
DEAP:S08:T28,DEAP:S08,T28,5.04,1,train,0.51959966653403,0.4804003334659701
DEAP:S08:T29,DEAP:S08,T29,2.78,0,train,0.3865685258764755,0.6134314741235246
DEAP:S08:T30,DEAP:S08,T30,1.4,0,train,0.46292968874946305,0.5370703112505368
DEAP:S08:T32,DEAP:S08,T32,6.33,1,train,0.5002789761947417,0.49972102380525824
DEAP:S08:T36,DEAP:S08,T36,1.21,0,train,0.34174401375185837,0.6582559862481416
DEAP:S09:T04,DEAP:S09,T04,5.99,1,train,0.4839641545188449,0.5160358454811551
DEAP:S09:T05,DEAP:S09,T05,4.99,0,train,0.43999447757718846,0.5600055224228117
DEAP:S09:T07,DEAP:S09,T07,5.08,1,train,0.6900822046149262,0.30991779538507375
DEAP:S09:T09,DEAP:S09,T09,5.96,1,train,0.3228565602698938,0.6771434397301062
DEAP:S09:T13,DEAP:S09,T13,8.15,1,train,0.19458362653010242,0.8054163734698976
DEAP:S09:T15,DEAP:S09,T15,6.21,1,train,0.2937283814066711,0.7062716185933288
DEAP:S09:T18,DEAP:S09,T18,4.9,0,train,0.627878178167764,0.3721218218322359
DEAP:S09:T19,DEAP:S09,T19,3.97,0,train,0.29783372531190094,0.7021662746880991
DEAP:S09:T22,DEAP:S09,T22,3.99,0,train,0.37877596844452394,0.6212240315554761
DEAP:S09:T27,DEAP:S09,T27,5.04,1,train,0.13284784935913402,0.8671521506408659
DEAP:S09:T28,DEAP:S09,T28,2.96,0,train,0.35771396880818146,0.6422860311918185
DEAP:S09:T30,DEAP:S09,T30,4.04,0,train,0.4654398105708702,0.5345601894291298
DEAP:S09:T32,DEAP:S09,T32,3.1,0,train,0.5763064354947541,0.4236935645052459
DEAP:S09:T36,DEAP:S09,T36,3.08,0,train,0.5723508957486466,0.4276491042513534
DEAP:S10:T04,DEAP:S10,T04,7.01,1,train,0.28274052690905754,0.7172594730909424
DEAP:S10:T05,DEAP:S10,T05,7.24,1,train,0.412462410777909,0.587537589222091
DEAP:S10:T07,DEAP:S10,T07,8.96,1,train,0.10131632784723117,0.8986836721527689
DEAP:S10:T09,DEAP:S10,T09,7.56,1,train,0.4200159591379931,0.5799840408620069
DEAP:S10:T13,DEAP:S10,T13,6.72,1,train,0.2291401232713053,0.7708598767286947
DEAP:S10:T18,DEAP:S10,T18,7.31,1,train,0.30408902386430986,0.6959109761356901
DEAP:S10:T19,DEAP:S10,T19,7.82,1,train,0.5654560290661934,0.4345439709338066
DEAP:S10:T22,DEAP:S10,T22,4.24,0,train,0.4986813275706014,0.5013186724293985
DEAP:S10:T24,DEAP:S10,T24,6.82,1,train,0.1231238166507243,0.8768761833492756
DEAP:S10:T27,DEAP:S10,T27,4.94,0,train,0.23301654228584653,0.7669834577141534
DEAP:S10:T28,DEAP:S10,T28,4.31,0,train,0.4401404700278871,0.5598595299721131
DEAP:S10:T29,DEAP:S10,T29,3.94,0,train,0.4804546821152257,0.5195453178847743
DEAP:S10:T30,DEAP:S10,T30,2.64,0,train,0.4628862111975196,0.5371137888024805
DEAP:S10:T32,DEAP:S10,T32,5.96,1,train,0.18131265720867046,0.8186873427913295
DEAP:S10:T36,DEAP:S10,T36,2.17,0,train,0.3320953759987523,0.6679046240012476
DEAP:S11:T04,DEAP:S11,T04,7.65,1,train,0.09745295492407212,0.9025470450759279
DEAP:S11:T05,DEAP:S11,T05,7.41,1,train,0.4869308088738731,0.5130691911261268
DEAP:S11:T07,DEAP:S11,T07,6.37,1,train,0.11634677552084563,0.8836532244791544
DEAP:S11:T09,DEAP:S11,T09,7.04,1,train,0.39769876816874533,0.6023012318312547
DEAP:S11:T13,DEAP:S11,T13,8.42,1,train,0.33581016023622584,0.6641898397637741
DEAP:S11:T15,DEAP:S11,T15,6.92,1,train,0.46831839689439014,0.53168160310561
DEAP:S11:T18,DEAP:S11,T18,7.95,1,train,0.3129041183065479,0.6870958816934521
DEAP:S11:T19,DEAP:S11,T19,5.54,1,train,0.515484284761649,0.48451571523835096
DEAP:S11:T22,DEAP:S11,T22,6.15,1,train,0.22190355922151841,0.7780964407784815
DEAP:S11:T24,DEAP:S11,T24,2.88,0,train,0.31533770129836614,0.6846622987016339
DEAP:S11:T27,DEAP:S11,T27,2.28,0,train,0.4963327770904959,0.5036672229095042
DEAP:S11:T28,DEAP:S11,T28,4.26,0,train,0.7740910286646486,0.22590897133535126
DEAP:S11:T30,DEAP:S11,T30,4.58,0,train,0.32762373901730896,0.6723762609826911
DEAP:S11:T32,DEAP:S11,T32,5.01,1,train,0.37131823394055846,0.6286817660594415
DEAP:S11:T36,DEAP:S11,T36,3.62,0,train,0.29940031280090124,0.7005996871990989
DEAP:S12:T04,DEAP:S12,T04,6.86,1,train,0.16565199807724146,0.8343480019227586
DEAP:S12:T05,DEAP:S12,T05,4.01,0,train,0.5093085878137118,0.49069141218628815
DEAP:S12:T09,DEAP:S12,T09,7.95,1,train,0.5438157555096181,0.4561842444903819
DEAP:S12:T13,DEAP:S12,T13,7.99,1,train,0.1936208055861898,0.8063791944138101
DEAP:S12:T15,DEAP:S12,T15,7.08,1,train,0.2865329463654655,0.7134670536345343
DEAP:S12:T18,DEAP:S12,T18,7.35,1,train,0.33496596641020127,0.6650340335897988
DEAP:S12:T19,DEAP:S12,T19,7.03,1,train,0.2594317449966361,0.740568255003364
DEAP:S12:T22,DEAP:S12,T22,3.33,0,train,0.42517206691197135,0.5748279330880286
DEAP:S12:T24,DEAP:S12,T24,2.79,0,train,0.3875745469850308,0.6124254530149692
DEAP:S12:T27,DEAP:S12,T27,5.05,1,train,0.38310336674881607,0.6168966332511838
DEAP:S12:T28,DEAP:S12,T28,5.04,1,train,0.2921304024786812,0.7078695975213188
DEAP:S12:T29,DEAP:S12,T29,1.67,0,train,0.2509211083002207,0.7490788916997794
DEAP:S12:T30,DEAP:S12,T30,3.36,0,train,0.22276263127859353,0.7772373687214065
DEAP:S12:T32,DEAP:S12,T32,1.86,0,train,0.23803961700416318,0.7619603829958369
DEAP:S12:T36,DEAP:S12,T36,2.82,0,train,0.3307793106927536,0.6692206893072465
DEAP:S13:T05,DEAP:S13,T05,5.01,1,train,0.4941852530048548,0.5058147469951452
DEAP:S13:T07,DEAP:S13,T07,2.99,0,train,0.5354606502891978,0.4645393497108022
DEAP:S13:T09,DEAP:S13,T09,7.06,1,train,0.4029410741703261,0.5970589258296739
DEAP:S13:T13,DEAP:S13,T13,9.0,1,train,0.30799382437391326,0.6920061756260868
DEAP:S13:T15,DEAP:S13,T15,4.94,0,train,0.43723340363725194,0.5627665963627481
DEAP:S13:T18,DEAP:S13,T18,7.94,1,train,0.4536290735616531,0.546370926438347
DEAP:S13:T19,DEAP:S13,T19,8.51,1,train,0.1985365268729405,0.8014634731270596
DEAP:S13:T22,DEAP:S13,T22,4.01,0,train,0.5735260026151783,0.42647399738482183
DEAP:S13:T24,DEAP:S13,T24,2.97,0,train,0.5329941616020091,0.4670058383979908
DEAP:S13:T27,DEAP:S13,T27,5.47,1,train,0.6236009598981475,0.3763990401018525
DEAP:S13:T28,DEAP:S13,T28,7.08,1,train,0.46615722600690934,0.5338427739930905
DEAP:S13:T29,DEAP:S13,T29,4.04,0,train,0.5683651314911912,0.4316348685088088
DEAP:S13:T30,DEAP:S13,T30,3.05,0,train,0.41673489268683794,0.5832651073131621
DEAP:S13:T32,DEAP:S13,T32,4.05,0,train,0.4495466020671653,0.5504533979328347
DEAP:S13:T36,DEAP:S13,T36,2.54,0,train,0.5444260074955413,0.45557399250445874
DEAP:S14:T04,DEAP:S14,T04,7.38,1,train,0.4269390369022513,0.5730609630977487
DEAP:S14:T05,DEAP:S14,T05,3.99,0,train,0.4232952014843584,0.5767047985156415
DEAP:S14:T07,DEAP:S14,T07,6.85,1,train,0.418790851331433,0.581209148668567
DEAP:S14:T09,DEAP:S14,T09,7.69,1,train,0.4975725290584023,0.5024274709415976
DEAP:S14:T13,DEAP:S14,T13,6.79,1,train,0.3589776486929319,0.6410223513070681
DEAP:S14:T15,DEAP:S14,T15,7.08,1,train,0.4865062732794955,0.5134937267205045
DEAP:S14:T18,DEAP:S14,T18,8.09,1,train,0.24611528171951053,0.7538847182804894
DEAP:S14:T19,DEAP:S14,T19,7.55,1,train,0.41322045031582627,0.5867795496841737
DEAP:S14:T22,DEAP:S14,T22,4.1,0,train,0.4913066978861958,0.5086933021138041
DEAP:S14:T24,DEAP:S14,T24,2.36,0,train,0.3349595510518408,0.6650404489481593
DEAP:S14:T27,DEAP:S14,T27,5.81,1,train,0.29183412259981867,0.7081658774001813
DEAP:S14:T28,DEAP:S14,T28,2.53,0,train,0.4741416972227099,0.5258583027772901
DEAP:S14:T29,DEAP:S14,T29,2.92,0,train,0.41970242679632985,0.5802975732036701
DEAP:S14:T32,DEAP:S14,T32,1.99,0,train,0.6035526471001699,0.39644735289983013
DEAP:S14:T36,DEAP:S14,T36,2.01,0,train,0.47993979447688684,0.5200602055231132
DEAP:S15:T04,DEAP:S15,T04,8.04,1,train,0.2894098092300215,0.7105901907699785
DEAP:S15:T05,DEAP:S15,T05,9.0,1,train,0.26550491882434063,0.7344950811756594
DEAP:S15:T07,DEAP:S15,T07,5.04,1,train,0.4774672829084397,0.5225327170915602
DEAP:S15:T09,DEAP:S15,T09,9.0,1,train,0.4342909822779742,0.5657090177220258
DEAP:S15:T13,DEAP:S15,T13,7.06,1,train,0.5353285713814017,0.46467142861859834
DEAP:S15:T15,DEAP:S15,T15,8.12,1,train,0.4897066152789056,0.5102933847210944
DEAP:S15:T18,DEAP:S15,T18,7.04,1,train,0.3593905510898443,0.6406094489101558
DEAP:S15:T19,DEAP:S15,T19,7.04,1,train,0.4636544349188802,0.5363455650811199
DEAP:S15:T22,DEAP:S15,T22,4.12,0,train,0.6065512893188946,0.39344871068110543
DEAP:S15:T24,DEAP:S15,T24,1.92,0,train,0.3516998311078009,0.6483001688921991
DEAP:S15:T27,DEAP:S15,T27,6.0,1,train,0.5765123441322179,0.42348765586778214
DEAP:S15:T28,DEAP:S15,T28,4.01,0,train,0.5446314658894607,0.45536853411053935
DEAP:S15:T29,DEAP:S15,T29,4.05,0,train,0.5506132466128366,0.4493867533871635
DEAP:S15:T30,DEAP:S15,T30,2.04,0,train,0.5503593444169987,0.4496406555830013
DEAP:S15:T32,DEAP:S15,T32,3.97,0,train,0.3485221228611945,0.6514778771388055
DEAP:S15:T36,DEAP:S15,T36,3.96,0,train,0.6338330294802957,0.3661669705197043
DEAP:S16:T04,DEAP:S16,T04,7.09,1,train,0.2527170638790005,0.7472829361209994
DEAP:S16:T05,DEAP:S16,T05,5.51,1,train,0.2687710529244982,0.7312289470755018
DEAP:S16:T07,DEAP:S16,T07,6.83,1,train,0.44147659490315844,0.5585234050968414
DEAP:S16:T09,DEAP:S16,T09,4.18,0,train,0.6347585612744719,0.3652414387255281
DEAP:S16:T13,DEAP:S16,T13,3.88,0,train,0.6518163902965922,0.3481836097034078
DEAP:S16:T15,DEAP:S16,T15,2.67,0,train,0.35955353973041876,0.6404464602695812
DEAP:S16:T18,DEAP:S16,T18,6.56,1,train,0.5241209761477557,0.4758790238522443
DEAP:S16:T19,DEAP:S16,T19,2.86,0,train,0.5074739364530607,0.49252606354693934
DEAP:S16:T22,DEAP:S16,T22,6.79,1,train,0.46416454142658653,0.5358354585734134
DEAP:S16:T24,DEAP:S16,T24,2.51,0,train,0.6009885283259171,0.39901147167408296
DEAP:S16:T27,DEAP:S16,T27,2.59,0,train,0.3971810415319265,0.6028189584680733
DEAP:S16:T28,DEAP:S16,T28,2.85,0,train,0.5454256864970318,0.4545743135029682
DEAP:S16:T29,DEAP:S16,T29,3.23,0,train,0.5751037912973,0.4248962087026999
DEAP:S16:T30,DEAP:S16,T30,6.1,1,train,0.2906063842600937,0.7093936157399063
DEAP:S16:T32,DEAP:S16,T32,5.01,1,train,0.38966090512541224,0.6103390948745877
DEAP:S16:T36,DEAP:S16,T36,5.05,1,train,0.4773513081043779,0.5226486918956221
DEAP:S17:T04,DEAP:S17,T04,6.35,1,train,0.538732726071422,0.4612672739285779
DEAP:S17:T05,DEAP:S17,T05,7.05,1,train,0.6100639653094051,0.38993603469059496
DEAP:S17:T07,DEAP:S17,T07,7.08,1,train,0.39238072762886506,0.6076192723711351
DEAP:S17:T13,DEAP:S17,T13,4.54,0,train,0.5002645027531184,0.49973549724688165
DEAP:S17:T15,DEAP:S17,T15,5.96,1,train,0.33853659592390867,0.6614634040760913
DEAP:S17:T18,DEAP:S17,T18,6.22,1,train,0.4459730393782714,0.5540269606217285
DEAP:S17:T19,DEAP:S17,T19,7.27,1,train,0.4379092634982741,0.5620907365017259
DEAP:S17:T22,DEAP:S17,T22,3.19,0,train,0.34677413119315764,0.6532258688068424
DEAP:S17:T24,DEAP:S17,T24,4.53,0,train,0.5953603714643978,0.4046396285356021
DEAP:S17:T27,DEAP:S17,T27,3.96,0,train,0.44868396148434303,0.5513160385156569
DEAP:S17:T28,DEAP:S17,T28,5.64,1,train,0.21360656611371862,0.7863934338862815
DEAP:S17:T29,DEAP:S17,T29,5.54,1,train,0.18595279404789045,0.8140472059521096
DEAP:S17:T30,DEAP:S17,T30,3.04,0,train,0.5442498661135851,0.455750133886415
DEAP:S17:T32,DEAP:S17,T32,4.04,0,train,0.41115200982783706,0.588847990172163
DEAP:S17:T36,DEAP:S17,T36,3.37,0,train,0.5564088649881246,0.4435911350118754
DEAP:S18:T04,DEAP:S18,T04,6.65,1,train,0.3690704057605799,0.63092959423942
DEAP:S18:T05,DEAP:S18,T05,6.13,1,train,0.38044238150974397,0.6195576184902559
DEAP:S18:T07,DEAP:S18,T07,7.33,1,train,0.4291552010702901,0.57084479892971
DEAP:S18:T09,DEAP:S18,T09,6.55,1,train,0.30308144708930856,0.6969185529106915
DEAP:S18:T13,DEAP:S18,T13,7.33,1,train,0.3305775604231171,0.6694224395768829
DEAP:S18:T15,DEAP:S18,T15,6.04,1,train,0.4080568381309289,0.5919431618690711
DEAP:S18:T18,DEAP:S18,T18,7.05,1,train,0.32866653755230657,0.6713334624476934
DEAP:S18:T19,DEAP:S18,T19,7.04,1,train,0.1847134420478377,0.8152865579521622
DEAP:S18:T22,DEAP:S18,T22,5.69,1,train,0.42441534845903495,0.5755846515409652
DEAP:S18:T24,DEAP:S18,T24,3.22,0,train,0.6675841279608423,0.3324158720391576
DEAP:S18:T27,DEAP:S18,T27,5.94,1,train,0.39061739100958764,0.6093826089904124
DEAP:S18:T28,DEAP:S18,T28,5.95,1,train,0.36305435378445067,0.6369456462155492
DEAP:S18:T29,DEAP:S18,T29,4.9,0,train,0.30789536105332405,0.692104638946676
DEAP:S18:T30,DEAP:S18,T30,2.96,0,train,0.3803810490663738,0.6196189509336262
DEAP:S18:T32,DEAP:S18,T32,4.62,0,train,0.38914792124576936,0.6108520787542305
DEAP:S18:T36,DEAP:S18,T36,5.24,1,train,0.2068424902355768,0.7931575097644232
DEAP:S19:T04,DEAP:S19,T04,5.77,1,train,0.3859276466327638,0.6140723533672362
DEAP:S19:T05,DEAP:S19,T05,7.79,1,train,0.4274933792271297,0.5725066207728703
DEAP:S19:T07,DEAP:S19,T07,6.64,1,train,0.5510626615580974,0.4489373384419027
DEAP:S19:T09,DEAP:S19,T09,7.09,1,train,0.3109162777528895,0.6890837222471105
DEAP:S19:T13,DEAP:S19,T13,7.53,1,train,0.36305797419880287,0.6369420258011972
DEAP:S19:T15,DEAP:S19,T15,5.68,1,train,0.5552318138881335,0.4447681861118667
DEAP:S19:T18,DEAP:S19,T18,7.77,1,train,0.6407547186450739,0.3592452813549261
DEAP:S19:T19,DEAP:S19,T19,7.65,1,train,0.3670183522471892,0.6329816477528108
DEAP:S19:T22,DEAP:S19,T22,5.04,1,train,0.4028625076548596,0.5971374923451404
DEAP:S19:T24,DEAP:S19,T24,3.23,0,train,0.4694724697459265,0.5305275302540735
DEAP:S19:T28,DEAP:S19,T28,6.21,1,train,0.22177609314720975,0.7782239068527902
DEAP:S19:T29,DEAP:S19,T29,2.82,0,train,0.585758206404284,0.4142417935957159
DEAP:S19:T30,DEAP:S19,T30,2.85,0,train,0.37374599124466634,0.6262540087553337
DEAP:S19:T32,DEAP:S19,T32,4.96,0,train,0.5843237425557701,0.4156762574442298
DEAP:S19:T36,DEAP:S19,T36,3.71,0,train,0.37651577391663066,0.6234842260833693
DEAP:S24:T04,DEAP:S24,T04,6.05,1,train,0.5740701159357696,0.42592988406423044
DEAP:S24:T05,DEAP:S24,T05,7.06,1,train,0.39494716983287487,0.6050528301671252
DEAP:S24:T07,DEAP:S24,T07,3.04,0,train,0.6191488289077436,0.3808511710922564
DEAP:S24:T09,DEAP:S24,T09,7.08,1,train,0.4190491305451484,0.5809508694548515
DEAP:S24:T13,DEAP:S24,T13,8.0,1,train,0.6290691063655376,0.3709308936344624
DEAP:S24:T15,DEAP:S24,T15,6.0,1,train,0.4340632982226641,0.565936701777336
DEAP:S24:T18,DEAP:S24,T18,8.96,1,train,0.27357906032219986,0.7264209396778001
DEAP:S24:T22,DEAP:S24,T22,3.03,0,train,0.5102537750885834,0.48974622491141656
DEAP:S24:T24,DEAP:S24,T24,2.99,0,train,0.6436314732770858,0.35636852672291425
DEAP:S24:T27,DEAP:S24,T27,6.08,1,train,0.2837300480084681,0.7162699519915319
DEAP:S24:T28,DEAP:S24,T28,4.03,0,train,0.7261263626058689,0.2738736373941311
DEAP:S24:T29,DEAP:S24,T29,3.97,0,train,0.7572877236797055,0.24271227632029446
DEAP:S24:T30,DEAP:S24,T30,1.0,0,train,0.5443989957398367,0.45560100426016326
DEAP:S24:T32,DEAP:S24,T32,3.0,0,train,0.32720722691501963,0.6727927730849803
DEAP:S24:T36,DEAP:S24,T36,4.0,0,train,0.42046722397479436,0.5795327760252057
DEAP:S25:T05,DEAP:S25,T05,5.04,1,train,0.1723822705724203,0.8276177294275796
DEAP:S25:T07,DEAP:S25,T07,6.08,1,train,0.20096468534397552,0.7990353146560244
DEAP:S25:T09,DEAP:S25,T09,8.09,1,train,0.24607465197401407,0.7539253480259859
DEAP:S25:T13,DEAP:S25,T13,7.97,1,train,0.18900224586400757,0.8109977541359924
DEAP:S25:T15,DEAP:S25,T15,7.01,1,train,0.34827201492959,0.6517279850704101
DEAP:S25:T18,DEAP:S25,T18,3.04,0,train,0.47120234882992673,0.5287976511700733
DEAP:S25:T19,DEAP:S25,T19,7.06,1,train,0.23352096279321446,0.7664790372067856
DEAP:S25:T22,DEAP:S25,T22,8.03,1,train,0.20612972254234593,0.7938702774576541
DEAP:S25:T24,DEAP:S25,T24,3.05,0,train,0.3089840662470814,0.6910159337529187
DEAP:S25:T27,DEAP:S25,T27,5.03,1,train,0.4702859195296221,0.5297140804703779
DEAP:S25:T29,DEAP:S25,T29,1.0,0,train,0.6683249917036849,0.3316750082963152
DEAP:S25:T30,DEAP:S25,T30,4.03,0,train,0.6254224742403636,0.3745775257596365
DEAP:S25:T32,DEAP:S25,T32,1.0,0,train,0.26061323914085893,0.7393867608591411
DEAP:S25:T36,DEAP:S25,T36,3.0,0,train,0.566339705372159,0.43366029462784095
DEAP:S26:T04,DEAP:S26,T04,8.03,1,train,0.39489216243711295,0.6051078375628871
DEAP:S26:T05,DEAP:S26,T05,4.0,0,train,0.3004294014873209,0.6995705985126791
DEAP:S26:T07,DEAP:S26,T07,6.08,1,train,0.6366802630368451,0.3633197369631549
DEAP:S26:T09,DEAP:S26,T09,8.05,1,train,0.33856253790903945,0.6614374620909605
DEAP:S26:T13,DEAP:S26,T13,7.12,1,train,0.4829642305169168,0.5170357694830833
DEAP:S26:T15,DEAP:S26,T15,7.01,1,train,0.28205990297114497,0.717940097028855
DEAP:S26:T18,DEAP:S26,T18,9.0,1,train,0.3932157464464706,0.6067842535535294
DEAP:S26:T19,DEAP:S26,T19,8.0,1,train,0.4932338145146269,0.5067661854853731
DEAP:S26:T22,DEAP:S26,T22,6.97,1,train,0.6195126366241276,0.3804873633758723
DEAP:S26:T24,DEAP:S26,T24,9.0,1,train,0.40498677657535814,0.595013223424642
DEAP:S26:T27,DEAP:S26,T27,6.0,1,train,0.36068006284558746,0.6393199371544125
DEAP:S26:T28,DEAP:S26,T28,5.97,1,train,0.4713045150109494,0.5286954849890507
DEAP:S26:T29,DEAP:S26,T29,6.09,1,train,0.24201007917521258,0.7579899208247874
DEAP:S26:T30,DEAP:S26,T30,4.95,0,train,0.39860954306489604,0.601390456935104
DEAP:S26:T32,DEAP:S26,T32,1.96,0,train,0.3656357070107058,0.6343642929892943
DEAP:S26:T36,DEAP:S26,T36,2.92,0,train,0.5561166536590006,0.4438833463409994
DEAP:S27:T04,DEAP:S27,T04,7.05,1,train,0.4347254537309299,0.5652745462690701
DEAP:S27:T05,DEAP:S27,T05,4.97,0,train,0.47723436685122617,0.5227656331487739
DEAP:S27:T07,DEAP:S27,T07,4.94,0,train,0.4727087583904901,0.5272912416095099
DEAP:S27:T09,DEAP:S27,T09,8.99,1,train,0.4809681810345566,0.5190318189654434
DEAP:S27:T13,DEAP:S27,T13,7.01,1,train,0.508663591320528,0.491336408679472
DEAP:S27:T15,DEAP:S27,T15,5.04,1,train,0.5061522456033306,0.49384775439666934
DEAP:S27:T18,DEAP:S27,T18,9.0,1,train,0.49630652739846903,0.5036934726015309
DEAP:S27:T19,DEAP:S27,T19,5.06,1,train,0.5063736346950839,0.4936263653049161
DEAP:S27:T22,DEAP:S27,T22,7.29,1,train,0.4867604332713453,0.5132395667286548
DEAP:S27:T24,DEAP:S27,T24,8.9,1,train,0.4027454986768394,0.5972545013231607
DEAP:S27:T27,DEAP:S27,T27,4.97,0,train,0.47635415301238143,0.5236458469876186
DEAP:S27:T28,DEAP:S27,T28,5.04,1,train,0.5584163015929611,0.441583698407039
DEAP:S27:T29,DEAP:S27,T29,7.18,1,train,0.2942952287740552,0.7057047712259448
DEAP:S27:T30,DEAP:S27,T30,7.08,1,train,0.5388802729320444,0.46111972706795545
DEAP:S27:T32,DEAP:S27,T32,5.04,1,train,0.3644690492919655,0.6355309507080344
DEAP:S27:T36,DEAP:S27,T36,6.13,1,train,0.45839575998914195,0.5416042400108579
DEAP:S28:T04,DEAP:S28,T04,8.08,1,train,0.23074329654077447,0.7692567034592256
DEAP:S28:T05,DEAP:S28,T05,7.04,1,train,0.2993198789832507,0.7006801210167494
DEAP:S28:T07,DEAP:S28,T07,8.09,1,train,0.18517890559896305,0.8148210944010369
DEAP:S28:T09,DEAP:S28,T09,5.04,1,train,0.3538019383060845,0.6461980616939157
DEAP:S28:T13,DEAP:S28,T13,2.09,0,train,0.3520321990253949,0.6479678009746052
DEAP:S28:T15,DEAP:S28,T15,5.04,1,train,0.16993099820257407,0.8300690017974259
DEAP:S28:T18,DEAP:S28,T18,8.08,1,train,0.05426884141967365,0.9457311585803264
DEAP:S28:T19,DEAP:S28,T19,7.03,1,train,0.22679693762847977,0.7732030623715203
DEAP:S28:T22,DEAP:S28,T22,5.03,1,train,0.3512850699081647,0.6487149300918353
DEAP:S28:T24,DEAP:S28,T24,4.04,0,train,0.33038573273631894,0.669614267263681
DEAP:S28:T27,DEAP:S28,T27,6.08,1,train,0.29497135273390646,0.7050286472660936
DEAP:S28:T28,DEAP:S28,T28,2.9,0,train,0.4424067584825682,0.5575932415174317
DEAP:S28:T29,DEAP:S28,T29,2.06,0,train,0.28188180640289345,0.7181181935971066
DEAP:S28:T30,DEAP:S28,T30,1.99,0,train,0.6557024500662275,0.34429754993377254
DEAP:S28:T32,DEAP:S28,T32,3.05,0,train,0.35149255018771236,0.6485074498122877
DEAP:S29:T04,DEAP:S29,T04,7.17,1,train,0.38992666607324267,0.6100733339267573
DEAP:S29:T05,DEAP:S29,T05,6.05,1,train,0.42926369413252735,0.5707363058674727
DEAP:S29:T07,DEAP:S29,T07,7.04,1,train,0.42875131329429156,0.5712486867057085
DEAP:S29:T09,DEAP:S29,T09,7.06,1,train,0.4216754449728779,0.5783245550271221
DEAP:S29:T13,DEAP:S29,T13,6.06,1,train,0.44850420865114843,0.5514957913488514
DEAP:S29:T15,DEAP:S29,T15,4.01,0,train,0.6045689656087031,0.39543103439129695
DEAP:S29:T18,DEAP:S29,T18,7.01,1,train,0.44921638407047415,0.5507836159295258
DEAP:S29:T19,DEAP:S29,T19,7.05,1,train,0.4035610986439936,0.5964389013560064
DEAP:S29:T24,DEAP:S29,T24,4.12,0,train,0.6421363512883748,0.3578636487116253
DEAP:S29:T27,DEAP:S29,T27,7.09,1,train,0.5738370786627729,0.426162921337227
DEAP:S29:T29,DEAP:S29,T29,3.97,0,train,0.4921920168120785,0.5078079831879215
DEAP:S29:T32,DEAP:S29,T32,4.04,0,train,0.44352372390659967,0.5564762760934003
DEAP:S29:T36,DEAP:S29,T36,5.03,1,train,0.43343736392223425,0.5665626360777657
DEAP:S30:T04,DEAP:S30,T04,7.04,1,train,0.5981752866452466,0.4018247133547534
DEAP:S30:T05,DEAP:S30,T05,6.19,1,train,0.3774174970744841,0.6225825029255159
DEAP:S30:T07,DEAP:S30,T07,4.05,0,train,0.44594823109369375,0.5540517689063063
DEAP:S30:T09,DEAP:S30,T09,7.08,1,train,0.5059915969793549,0.4940084030206451
DEAP:S30:T13,DEAP:S30,T13,4.04,0,train,0.6110276554968738,0.3889723445031262
DEAP:S30:T15,DEAP:S30,T15,5.01,1,train,0.5475120738185132,0.45248792618148675
DEAP:S30:T18,DEAP:S30,T18,7.05,1,train,0.4923701773392922,0.5076298226607078
DEAP:S30:T19,DEAP:S30,T19,8.27,1,train,0.5709238412968751,0.4290761587031249
DEAP:S30:T22,DEAP:S30,T22,4.05,0,train,0.5079386884144785,0.4920613115855214
DEAP:S30:T24,DEAP:S30,T24,5.99,1,train,0.5531391414553859,0.4468608585446141
DEAP:S30:T27,DEAP:S30,T27,8.01,1,train,0.534677732010611,0.46532226798938914
DEAP:S30:T28,DEAP:S30,T28,5.06,1,train,0.49752243731463536,0.5024775626853646
DEAP:S30:T29,DEAP:S30,T29,7.23,1,train,0.32563484249944114,0.6743651575005588
DEAP:S30:T30,DEAP:S30,T30,4.04,0,train,0.5529782510055424,0.4470217489944575
DEAP:S30:T36,DEAP:S30,T36,4.03,0,train,0.7119198139246564,0.28808018607534364
DEAP:S32:T05,DEAP:S32,T05,7.15,1,train,0.575404541491201,0.424595458508799
DEAP:S32:T07,DEAP:S32,T07,4.94,0,train,0.6251314630868647,0.3748685369131353
DEAP:S32:T09,DEAP:S32,T09,7.86,1,train,0.4979444891835047,0.5020555108164952
DEAP:S32:T13,DEAP:S32,T13,7.09,1,train,0.4374214149124491,0.5625785850875509
DEAP:S32:T15,DEAP:S32,T15,5.01,1,train,0.3809628943129701,0.6190371056870299
DEAP:S32:T18,DEAP:S32,T18,8.03,1,train,0.5194104996369491,0.48058950036305104
DEAP:S32:T19,DEAP:S32,T19,8.24,1,train,0.3463953527143698,0.6536046472856302
DEAP:S32:T22,DEAP:S32,T22,4.15,0,train,0.6145181566071669,0.38548184339283315
DEAP:S32:T24,DEAP:S32,T24,1.0,0,train,0.5026197463149762,0.49738025368502364
DEAP:S32:T28,DEAP:S32,T28,6.03,1,train,0.45941920877625925,0.5405807912237407
DEAP:S32:T29,DEAP:S32,T29,4.09,0,train,0.6323259495450967,0.3676740504549034
DEAP:S32:T30,DEAP:S32,T30,1.0,0,train,0.7270651143232885,0.27293488567671154
DEAP:S32:T32,DEAP:S32,T32,3.87,0,train,0.35179025516378976,0.6482097448362103
DEAP:S32:T36,DEAP:S32,T36,3.91,0,train,0.8486905971291588,0.15130940287084108
